0x000A7AD4,
0x000E6637,
0x0025301C,
0x002B5A2D,
0x003247A5,
0x004CFCED,
0x0054C84D,
0x005A1476,
0x0075A7A6,
0x007C951E,
0x0082BF2F,
0x00831CC8,
0x00941FB4,
0x00A461EF,
0x00A59D70,
0x00AAE999,
0x00B6A05C,
0x00BBEC85,
0x00CD6A41,
0x00D2B66A,
0x00DA81CA,
0x00DE6D2D,
0x00EFCDB2,
0x00F53712,
0x01024E9B,
0x010639FE,
0x01069797,
0x0113AF20,
0x011D03E3,
0x012A7905,
0x012E6468,
0x013B7BF1,
0x014CF9AD,
0x015DFC99,
0x016348C2,
0x0174C67E,
0x0185C96A,
0x019807D7,
0x01ADF3D4,
0x01AED1BC,
0x01B41DE5,
0x01BFD4A8,
0x01D69E8D,
0x01DBEAB6,
0x01E7A179,
0x01E7FF12,
0x01FE6B5E,
0x020F6E4A,
0x020FCBE3,
0x023F6414,
0x02562DF9,
0x025C580A,
0x026730E5,
0x027DFACA,
0x02903937,
0x02A5C79B,
0x02B80608,
0x02DBE776,
0x02DFD2D9,
0x0303B447,
0x03079FAA,
0x03379574,
0x0338735C,
0x033DBF85,
0x035F6245,
0x03658C56,
0x03872F16,
0x03958220,
0x03996D83,
0x03BD4EF1,
0x03C13A54,
0x03DFCF99,
0x03E51BC2,
0x03E90725,
0x04079C6A,
0x040CE893,
0x041F2700,
0x0440C9C0,
0x0446F3D1,
0x04689691,
0x04697479,
0x046EC0A2,
0x0491414A,
0x04982EC2,
0x049EB66C,
0x04B522B8,
0x04C6833D,
0x04E903E5,
0x04EE500E,
0x0510D0B6,
0x05161CDF,
0x0516FAC7,
0x0522313B,
0x05389D87,
0x053F2531,
0x0550281D,
0x0566F202,
0x05968A33,
0x059A7596,
0x05BE5704,
0x05CA6B60,
0x05F23831,
0x05F7845A,
0x05F86242,
0x061A0502,
0x0641D1D3,
0x065024DD,
0x0671C79D,
0x0677F1AE,
0x0699946E,
0x069FBE7F,
0x06B68864,
0x06D39FAC,
0x06F7811A,
0x06FB6C7D,
0x0723394E,
0x07318C58,
0x07595929,
0x077AFBE9,
0x078125FA,
0x0797EFDF,
0x07A8F2CB,
0x07C78810,
0x07D8E895,
0x07DCD3F8,
0x07F9C7EE,
0x0800B566,
0x0823360E,
0x08288237,
0x083AC0A4,
0x084B02DF,
0x08504F08,
0x08512CF0,
0x08518A89,
0x085D414C,
0x08628D75,
0x08740B31,
0x0879575A,
0x08850E1D,
0x088A5A46,
0x089BD802,
0x08A1242B,
0x08A8EF8B,
0x08ACDAEE,
0x08C3A4D3,
0x08D0BC5C,
0x08D119F5,
0x08D4A7BF,
0x08D50558,
0x08E21CE1,
0x08F8892D,
0x08F8E6C6,
0x08FCD229,
0x0909E9B2,
0x091B676E,
0x092C6A5A,
0x0931B683,
0x0932F204,
0x0954372B,
0x095ABED5,
0x096BC1C1,
0x097D3F7D,
0x09828BA6,
0x098A5706,
0x098E4269,
0x09938E92,
0x09A50C4E,
0x09B223D7,
0x09B60F3A,
0x09B66CD3,
0x09C8EDBC,
0x09CCD91F,
0x09D9F0A8,
0x09DDDC0B,
0x09DE39A4,
0x0A0DD1D5,
0x0A131DFE,
0x0A249BBA,
0x0A29E7E3,
0x0A359EA6,
0x0A3AEACF,
0x0A4C688B,
0x0A5EA6F8,
0x0A74355C,
0x0A8673C9,
0x0AAA5537,
0x0AAE409A,
0x0AD22208,
0x0AD60D6B,
0x0B060335,
0x0B0C2D46,
0x0B2DD006,
0x0B33FA17,
0x0B559CD7,
0x0B63EFE1,
0x0B8BBCB2,
0x0B8FA815,
0x0BB38983,
0x0BB774E6,
0x0BDB5654,
0x0BED94C1,
0x0C0F3781,
0x0C156192,
0x0C370452,
0x0C3D2E63,
0x0C669C83,
0x0C6D242D,
0x0C839079,
0x0C94F0FE,
0x0CB771A6,
0x0CBCBDCF,
0x0CDF3E77,
0x0CE48AA0,
0x0CF09EFC,
0x0D070B48,
0x0D1E95DE,
0x0D4803FE,
0x0D5ECDE3,
0x0D64F7F4,
0x0D765879,
0x0D98D921,
0x0D9E254A,
0x0DBCBA8F,
0x0DC0A5F2,
0x0DC5F21B,
0x0DE872C3,
0x0E103F94,
0x0E16C73E,
0x0E1E929E,
0x0E40355E,
0x0E465F6F,
0x0E68022F,
0x0E6E2C40,
0x0EA20D6D,
0x0EC5EEDB,
0x0EC9DA3E,
0x0ECF2667,
0x0EEDBBAC,
0x0EF1A70F,
0x0EFFFA19,
0x0F27C6EA,
0x0F4969AA,
0x0F4F93BB,
0x0F665DA0,
0x0F77608C,
0x0F95F5D1,
0x0FA75656,
0x0FAB41B9,
0x0FBE203B,
0x0FCF2327,
0x0FF6EFF8,
0x10092E65,
0x101EBCC9,
0x101F9AB1,
0x101FF84A,
0x1030FB36,
0x104278F2,
0x1047C51B,
0x10537BDE,
0x1058C807,
0x106F91EC,
0x10775D4C,
0x107CA975,
0x109F2A1D,
0x109F87B6,
0x10B08AA2,
0x10C6F6EE,
0x10C75487,
0x10D30B4A,
0x10D85773,
0x10D9355B,
0x10EF2158,
0x10FAD81B,
0x11002444,
0x1101022C,
0x11015FC5,
0x111262B1,
0x1122A4EC,
0x11292C96,
0x113A2F82,
0x114BAD3E,
0x1150F967,
0x1158C4C7,
0x1161FC53,
0x11737A0F,
0x11809198,
0x11847CFB,
0x1184DA94,
0x1191F21D,
0x11975B7D,
0x119B46E0,
0x11A85E69,
0x11A8BC02,
0x11AC49CC,
0x11ACA765,
0x11B9BEEE,
0x11BF284E,
0x11D088D3,
0x11DC3F96,
0x11E18BBF,
0x11F3097B,
0x11F855A4,
0x12040C67,
0x12095890,
0x123260E2,
0x1254E18A,
0x125A2DB3,
0x1261F913,
0x1278C2F8,
0x127CAE5B,
0x1289C5E4,
0x12A08FC9,
0x12A47B2C,
0x12B192B5,
0x12D470F6,
0x12DA9B07,
0x12E1887F,
0x12E573E2,
0x12FC3DC7,
0x130189F0,
0x130267D8,
0x13240A98,
0x13325DA2,
0x135A2A73,
0x1381F744,
0x1385E2A7,
0x13A9C415,
0x13DDA542,
0x13E3CF53,
0x14057213,
0x140B9C24,
0x1412899C,
0x143B91EE,
0x1451FE3A,
0x14635EBF,
0x146F1582,
0x1485DF67,
0x148B2B90,
0x14B2F861,
0x14BF0CBD,
0x14E2EE2B,
0x151671BF,
0x152D3BA4,
0x153365B5,
0x1544C63A,
0x15550875,
0x156746E2,
0x156C930B,
0x158B2850,
0x158F13B3,
0x15945FDC,
0x15B2F521,
0x15B6E084,
0x15DEAD55,
0x15EC2277,
0x15ED005F,
0x160EA31F,
0x1613EF48,
0x1614CD30,
0x16366FF0,
0x163C9A01,
0x164DFA86,
0x166C8FCB,
0x16707B2E,
0x1675C757,
0x16945C9C,
0x169847FF,
0x169D9428,
0x16BC296D,
0x16C014D0,
0x16CE67DA,
0x16E3F63E,
0x16F634AB,
0x1717D76B,
0x171E017C,
0x1745CE4D,
0x1775C417,
0x1779AF7A,
0x179D90E8,
0x17C55DB9,
0x17D79C26,
0x17ED2A8A,
0x17EE660B,
0x17F93EE6,
0x17FF68F7,
0x181632DC,
0x182735C8,
0x183DFFAD,
0x1845CB0D,
0x184B1736,
0x186D97DE,
0x186DF577,
0x187EF863,
0x188461C3,
0x189564AF,
0x1895C248,
0x18A1790B,
0x18A6C534,
0x18A7A31C,
0x18BD8F19,
0x18CE9205,
0x18CF6FED,
0x18CFCD86,
0x18F79A57,
0x19089D43,
0x191A1AFF,
0x191F6728,
0x19273288,
0x192C7EB1,
0x19306A14,
0x1948D548,
0x194EFF59,
0x19605FDE,
0x1965C93E,
0x1976CC2A,
0x197729C3,
0x19882CAF,
0x198D960F,
0x199EF694,
0x19AAAD57,
0x19AFF980,
0x19C6C365,
0x19D27A28,
0x19D7C651,
0x19D8A439,
0x19D901D2,
0x1A00CEA3,
0x1A07BC1B,
0x1A089A03,
0x1A289B74,
0x1A3066D4,
0x1A4730B9,
0x1A4B1C1C,
0x1A5833A5,
0x1A6EFD8A,
0x1A72E8ED,
0x1A800076,
0x1A805E0F,
0x1A9160FB,
0x1AA2DEB7,
0x1AA82AE0,
0x1AA908C8,
0x1AAFF640,
0x1AB3E1A3,
0x1ACAAB88,
0x1ACFF7B1,
0x1AD0D599,
0x1AD7C311,
0x1B289834,
0x1B31CFC0,
0x1B399B20,
0x1B506505,
0x1B583065,
0x1B6167F1,
0x1B7831D6,
0x1BA827A0,
0x1BAC1303,
0x1BB92A8C,
0x1BD3DFD4,
0x1BE0F75D,
0x1C08C42E,
0x1C09FFAF,
0x1C31CC80,
0x1C599951,
0x1C782E96,
0x1C8D7A7E,
0x1CB0FE53,
0x1CB15BEC,
0x1CD928BD,
0x1CE4DF80,
0x1CEA2BA9,
0x1D01D376,
0x1D1333FB,
0x1D35B4A3,
0x1D3B00CC,
0x1D599611,
0x1D5D8174,
0x1D62CD9D,
0x1D6E8460,
0x1D8162E2,
0x1D854E45,
0x1DA92FB3,
0x1DBA9038,
0x1DC0BA49,
0x1DDD10E0,
0x1DE25D09,
0x1DE33AF1,
0x1DF49B76,
0x1E04DDB1,
0x1E0A29DA,
0x1E0B07C2,
0x1E1C6847,
0x1E3AFD8C,
0x1E3EE8EF,
0x1E443518,
0x1E62CA5D,
0x1E66B5C0,
0x1E6C01E9,
0x1E8A972E,
0x1E8E8291,
0x1E9CD59B,
0x1EB263FF,
0x1EC3C484,
0x1EC4A26C,
0x1EE6452C,
0x1EEB9155,
0x1EEC6F3D,
0x1F143C0E,
0x1F4431D8,
0x1F4D6964,
0x1F6BFEA9,
0x1F6FEA0C,
0x1F93CB7A,
0x1FBB984B,
0x1FBCD3CC,
0x1FC7ACA7,
0x1FCDD6B8,
0x1FE4A09D,
0x1FF5A389,
0x201438CE,
0x201984F7,
0x204D6624,
0x207532F5,
0x209CFFC6,
0x209DDDAE,
0x209E3B47,
0x20C60818,
0x20EDD4E9,
0x20F5A049,
0x20FAEC72,
0x20FED7D5,
0x21174309,
0x211D6D1A,
0x212ECD9F,
0x213436FF,
0x214539EB,
0x21459784,
0x21569A70,
0x215C03D0,
0x216D6455,
0x21791B18,
0x217E6741,
0x21953126,
0x219CFC86,
0x21A0E7E9,
0x21A63412,
0x21CF3C64,
0x21D629DC,
0x21D707C4,
0x21F70935,
0x21FDF6AD,
0x21FED495,
0x220420BE,
0x22159E7A,
0x221AEAA3,
0x2226A166,
0x2226FEFF,
0x223801EB,
0x223D6B4B,
0x224E6E37,
0x224ECBD0,
0x225FCEBC,
0x227698A1,
0x227E6401,
0x22824F64,
0x22879B8D,
0x229E6572,
0x229F435A,
0x22A630D2,
0x22CDFDA3,
0x22DF5E28,
0x22E03C10,
0x22F705F5,
0x23003D81,
0x230808E1,
0x231ED2C6,
0x232FD5B2,
0x23469F97,
0x23769561,
0x237A80C4,
0x237FCCED,
0x2387984D,
0x239E6232,
0x23A24D95,
0x23A799BE,
0x23AF651E,
0x23D731EF,
0x23D86D70,
0x24003A41,
0x24113D2D,
0x24280712,
0x242FD272,
0x243909FE,
0x24469C57,
0x245BE83F,
0x2468FFC8,
0x247FC9AD,
0x2483B510,
0x2490CC99,
0x24A7967E,
0x24B8996A,
0x24B9D4EB,
0x24CF634F,
0x24D04137,
0x24E1A1BC,
0x25042264,
0x25096E8D,
0x252803D2,
0x252D4FFB,
0x25313B5E,
0x254FD0A3,
0x25613128,
0x25779D74,
0x2588A060,
0x2588FDF9,
0x258F280A,
0x25AB7EA1,
0x25B0CACA,
0x25B1A8B2,
0x25C30937,
0x25D34B72,
0x25D8979B,
0x25D97583,
0x25EAD608,
0x26096B4D,
0x260EB776,
0x2612A2D9,
0x2631381E,
0x26352381,
0x26368447,
0x263A6FAA,
0x265904EF,
0x265CF052,
0x266A6574,
0x2680D1C0,
0x26923245,
0x2693102D,
0x26B4B2ED,
0x26B9FF16,
0x26BADCFE,
0x26E2A9CF,
0x26F40A54,
0x27129F99,
0x271BD725,
0x273A6C6A,
0x2762393B,
0x278A060C,
0x27961A68,
0x27C4114A,
0x27E7F2B8,
0x281BD3E5,
0x2843A0B6,
0x286B6D87,
0x289475D9,
0x28BC42AA,
0x28C33022,
0x28C40E0A,
0x28C95A33,
0x28EBDADB,
0x28FD3B60,
0x29211CCE,
0x29250831,
0x294CD502,
0x296B6A47,
0x2974A1D3,
0x2982F4DD,
0x29933718,
0x29A4979D,
0x29A57585,
0x29AAC1AE,
0x29C576F6,
0x29CC646E,
0x29CD4256,
0x29D28E7F,
0x29E40C3B,
0x29F50F27,
0x29F56CC0,
0x2A066FAC,
0x2A0BD90C,
0x2A1CDBF8,
0x2A1D3991,
0x2A2E3C7D,
0x2A450662,
0x2A4CD1C2,
0x2A50BD25,
0x2A521DEB,
0x2A56094E,
0x2A6CD333,
0x2A749E93,
0x2A9C6B64,
0x2A9CC8FD,
0x2AADCBE9,
0x2AAEA9D1,
0x2AC43835,
0x2AC573B6,
0x2AD676A2,
0x2AED4087,
0x2AFA5810,
0x2AFE4373,
0x2AFEA10C,
0x2B0FA3F8,
0x2B150D58,
0x2B2224E1,
0x2B266DDD,
0x2B450322,
0x2B4E3AAE,
0x2B56060E,
0x2B6CCFF3,
0x2B7DD2DF,
0x2BA59FB0,
0x2BA6DB31,
0x2BB7DE1D,
0x2BCDCA1A,
0x2BCEA802,
0x2BDFAAEE,
0x2BF674D3,
0x2C0777BF,
0x2C2A5600,
0x2C376D89,
0x2C4E376E,
0x2C5222D1,
0x2C5F3A5A,
0x2C76043F,
0x2C87072B,
0x2C8842AC,
0x2C9DD110,
0x2CB00F7D,
0x2CD7DC4E,
0x2CDFA7AE,
0x2CE8DF3A,
0x2CF67193,
0x2CFBBDBC,
0x2CFFA91F,
0x2D07747F,
0x2D1E3E64,
0x2D238A8D,
0x2D2F4150,
0x2D2F9EE9,
0x2D40A1D5,
0x2D576BBA,
0x2D686EA6,
0x2D7F388B,
0x2D801673,
0x2DA7055C,
0x2DA7E344,
0x2DB943C9,
0x2DD7D90E,
0x2DDD2537,
0x2DE1109A,
0x2DFFA5DF,
0x2E04F208,
0x2E08DD6B,
0x2E2772B0,
0x2E38D335,
0x2E3EFD46,
0x2E4F3F81,
0x2E60A006,
0x2E617DEE,
0x2E66CA17,
0x2E8320AE,
0x2E886CD7,
0x2E894ABF,
0x2E903837,
0x2EB11790,
0x2EB80508,
0x2EE10D5A,
0x2EEA44E6,
0x2F08DA2B,
0x2F0E2654,
0x2F30A6FC,
0x2F420781,
0x2F5873CD,
0x2F648829,
0x2F69D452,
0x2FB66079,
0x2FEA41A6,
0x30120E77,
0x3039DB48,
0x30919DE3,
0x30927BCB,
0x3097C7F4,
0x30B96AB4,
0x30CBA921,
0x30EF8A8F,
0x30F375F2,
0x31120B37,
0x31175760,
0x311B42C3,
0x3139D808,
0x31430F94,
0x3151629E,
0x3161A4D9,
0x3173055E,
0x3173E346,
0x31792F6F,
0x319AD22F,
0x319BB017,
0x31A0FC40,
0x31C37CE8,
0x31C3DA81,
0x31D0F20A,
0x31D4DD6D,
0x31EB49B9,
0x31F75E15,
0x31F8BEDB,
0x31FCAA3E,
0x321B3F83,
0x321F2AE6,
0x32208BAC,
0x3224770F,
0x32430C54,
0x3248587D,
0x325A96EA,
0x326AD925,
0x327C39AA,
0x327D1792,
0x328263BB,
0x3292A5F6,
0x3293E177,
0x32992DA0,
0x32A4E463,
0x32BBAE48,
0x32C8C5D1,
0x32CCB134,
0x32CD0ECD,
0x32DE11B9,
0x32E37B19,
0x32F092A2,
0x32F4DB9E,
0x331370E3,
0x331CA86F,
0x332473CF,
0x3329BFF8,
0x333B3DB4,
0x334C40A0,
0x335DA125,
0x33740D71,
0x33746B0A,
0x337548F2,
0x339D15C3,
0x33AA2D4C,
0x33AE18AF,
0x33C4E294,
0x33D1FA1D,
0x33D5E580,
0x33FE0FEA,
0x3405DB4A,
0x341CA52F,
0x3425DCBB,
0x342DA81B,
0x34447200,
0x345574EC,
0x3456B06D,
0x346C3ED1,
0x347E7D3E,
0x34A64A0F,
0x34AD3787,
0x34AE156F,
0x34C4DF54,
0x34CA2B7D,
0x34CE16E0,
0x34F1F84E,
0x34FE0CAA,
0x350F0F96,
0x3525D97B,
0x3536DC67,
0x354DA64C,
0x354E8434,
0x355571AC,
0x3575731D,
0x35A646CF,
0x35AB92F8,
0x35AF7E5B,
0x35B749BB,
0x35CE13A0,
0x35D35FC9,
0x35D74B2C,
0x35DF168C,
0x35F07711,
0x35F5E071,
0x3606E35D,
0x360740F6,
0x360D6B07,
0x361843E2,
0x361DAD42,
0x362F0DC7,
0x363537D8,
0x36518E6F,
0x3656DA98,
0x3657B880,
0x365EA5F8,
0x368672C9,
0x368CFA73,
0x36AF7B1B,
0x36B4C744,
0x36D747EC,
0x36DC9415,
0x36FF14BD,
0x37107542,
0x3732F5EA,
0x37384213,
0x3756D758,
0x3767DA44,
0x3784CE3A,
0x37B8AF67,
0x37E07C38,
0x38084909,
0x38600BA4,
0x386635B5,
0x3887D875,
0x389A16E2,
0x38BDF850,
0x38C1E3B3,
0x38E078F8,
0x38E5C521,
0x38E9B084,
0x39117D55,
0x391FD05F,
0x3941731F,
0x39425107,
0x39479D30,
0x39693FF0,
0x396A1DD8,
0x396F6A01,
0x399F5FCB,
0x39A34B2E,
0x39C72C9C,
0x39CB17FF,
0x39E9AD44,
0x39EEF96D,
0x39F2E4D0,
0x3A0137DA,
0x3A117A15,
0x3A16C63E,
0x3A2904AB,
0x3A3946E6,
0x3A4AA76B,
0x3A4B8553,
0x3A50D17C,
0x3A624F38,
0x3A679B61,
0x3A735224,
0x3A973392,
0x3A9B1EF5,
0x3A9B7C8E,
0x3ABF0063,
0x3ABF5DFC,
0x3AD060E8,
0x3AE72ACD,
0x3AF2E190,
0x3AF82DB9,
0x3B1AAE61,
0x3B2C0EE6,
0x3B427B32,
0x3B43B6B3,
0x3B4902DC,
0x3B5A05C8,
0x3B6B8384,
0x3B70CFAD,
0x3B789B0D,
0x3B7C8670,
0x3B7CE409,
0x3B935055,
0x3BA067DE,
0x3BA45341,
0x3BA4B0DA,
0x3BCC7DAB,
0x3BD4490B,
0x3BEB12F0,
0x3BF44A7C,
0x3BFC15DC,
0x3C12DFC1,
0x3C23E2AD,
0x3C3AAC92,
0x3C4C0D17,
0x3C4CEAFF,
0x3C74B7D0,
0x3C7BA548,
0x3C81CF59,
0x3C98993E,
0x3C9C84A1,
0x3CA99C2A,
0x3CC0660F,
0x3CCC7A6B,
0x3CD991F4,
0x3CDD7D57,
0x3CF4473C,
0x3D054A28,
0x3D1C140D,
0x3D43E0DE,
0x3D74B490,
0x3D7A00B9,
0x3D7DEC1C,
0x3D85B77C,
0x3D9C8161,
0x3DA1CD8A,
0x3DA5B8ED,
0x3DAD844D,
0x3DBEE4D2,
0x3DD5AEB7,
0x3DDBD8C8,
0x3DE6B1A3,
0x3DFD7B88,
0x3E03A599,
0x3E1C10CD,
0x3E254859,
0x3E2D13B9,
0x3E325FE2,
0x3E54E08A,
0x3E5B6834,
0x3E7CAD5B,
0x3E7D0AF4,
0x3E7DE8DC,
0x3E833505,
0x3E8EEBC8,
0x3EA5B5AD,
0x3EAB01D6,
0x3EB6B899,
0x3ECD827E,
0x3EDE856A,
0x3EDEE303,
0x3F0163AB,
0x3F06AFD4,
0x3F0E7B34,
0x3F254519,
0x3F364805,
0x3F4D11EA,
0x3F533BFB,
0x3F5F5057,
0x3F871D28,
0x3F8C6951,
0x3FAAFE96,
0x3FAEE9F9,
0x3FC04A7E,
0x3FD6B6CA,
0x3FE8174F,
0x4006AC94,
0x402E7965,
0x4034A376,
0x40564636,
0x406884A3,
0x407E1307,
0x408C6611,
0x40905174,
0x40B432E2,
0x40B81E45,
0x40DBFFB3,
0x40DFEB16,
0x410FE0E0,
0x41160AF1,
0x4137ADB1,
0x413DD7C2,
0x416DCD8C,
0x4171B8EF,
0x41959A5D,
0x419985C0,
0x41B81B05,
0x41BD672E,
0x41C15291,
0x41CFA59B,
0x41DFE7D6,
0x41E533FF,
0x41F7726C,
0x4219152C,
0x421F3F3D,
0x42360922,
0x4241BFE5,
0x4265A153,
0x42698CB6,
0x427701D8,
0x428D6E24,
0x428DCBBD,
0x429ECEA9,
0x42A2BA0C,
0x42B5988E,
0x42C14F51,
0x42C69B7A,
0x42DD655F,
0x42E91C22,
0x42EFA3CC,
0x42FA7CA7,
0x4300A6B8,
0x4310E8F3,
0x43122474,
0x4317709D,
0x43287389,
0x4339F145,
0x433F3D6E,
0x434708CE,
0x436ED59F,
0x4372C102,
0x43731E9B,
0x43A2B6CC,
0x43A802F5,
0x43BECCDA,
0x43CA839D,
0x43CFCFC6,
0x43D0ADAE,
0x43E699AB,
0x43F2506E,
0x44287049,
0x44432591,
0x444A1309,
0x44503D1A,
0x446706FF,
0x446AF262,
0x4471DFDA,
0x447809EB,
0x449AE82C,
0x44A7FFB5,
0x44ABEB18,
0x44C2B4FD,
0x44CFCC86,
0x44D3B7E9,
0x44EA81CE,
0x45124E9F,
0x45424469,
0x45486E7A,
0x45597166,
0x45703B4B,
0x458D5293,
0x459FD37C,
0x45A41C78,
0x45B13401,
0x45B51F64,
0x45CBE949,
0x45D2135A,
0x45D900D2,
0x45EA7E8E,
0x45F3B61A,
0x45FB817A,
0x4600CDA3,
0x46124B5F,
0x4629D5F5,
0x46358CB8,
0x464B78B5,
0x464C569D,
0x4651A2C6,
0x465D5989,
0x4674236E,
0x46796F97,
0x4685265A,
0x469BF03F,
0x46A96561,
0x46AD50C4,
0x46CFD16C,
0x46D13232,
0x46D51D95,
0x46DCE8F5,
0x46F3B2DA,
0x4704B5C6,
0x470A01EF,
0x470B3D70,
0x471B7FAB,
0x4721A9BC,
0x472C8297,
0x472DBE18,
0x47330A41,
0x47434C7C,
0x47558AE9,
0x475AD712,
0x47668DD5,
0x47796C57,
0x477D57BA,
0x478E5AA6,
0x478EB83F,
0x47A13928,
0x47A5248B,
0x47B68510,
0x47D51A55,
0x47DA667E,
0x47E61D41,
0x47FCE726,
0x4802334F,
0x48031137,
0x4824B3F7,
0x4836F264,
0x484C80C8,
0x485AD3D2,
0x485EBF35,
0x48640B5E,
0x4882A0A3,
0x48868C06,
0x48AA6D74,
0x48AE58D7,
0x48DE4EA1,
0x48E478B2,
0x49061B72,
0x490C4583,
0x493C3B4D,
0x4964081E,
0x4967F381,
0x498BD4EF,
0x498FC052,
0x49B3A1C0,
0x49C5E02D,
0x49E782ED,
0x49EDACFE,
0x4A0476E3,
0x4A340F14,
0x4A456F99,
0x4A5BDBE5,
0x4A5C397E,
0x4A6D3C6A,
0x4A8FBD12,
0x4A95093B,
0x4AB789E3,
0x4AC8EA68,
0x4AE5DE5E,
0x4AF6E14A,
0x4B15768F,
0x4B26D714,
0x4B37194F,
0x4B3D4360,
0x4B3DA0F9,
0x4B4EA3E5,
0x4B656DCA,
0x4B71248D,
0x4B7670B6,
0x4B8D3A9B,
0x4B9505FB,
0x4B98F15E,
0x4B9E3D87,
0x4BB5076C,
0x4BC0BE2F,
0x4BC745D9,
0x4BEF12AA,
0x4BF6DE0A,
0x4C1880CA,
0x4C1EAADB,
0x4C3574C0,
0x4C404D9B,
0x4C4677AC,
0x4C766D76,
0x4C7A58D9,
0x4C966EE7,
0x4C9E3A47,
0x4CA225AA,
0x4CC60718,
0x4CD84585,
0x4D001256,
0x4D16DC3B,
0x4D27DF27,
0x4D3EA90C,
0x4D5BC054,
0x4D6E9ED6,
0x4D728A39,
0x4D7FA1C2,
0x4D838D25,
0x4D966BA7,
0x4D9A570A,
0x4DA76E93,
0x4DC223DB,
0x4DCF3B64,
0x4DF843B6,
0x4E19E676,
0x4E1AC45E,
0x4E201087,
0x4E311373,
0x4E47DD58,
0x4E4FA8B8,
0x4E53F1B4,
0x4E61093D,
0x4E777589,
0x4E77D322,
0x4E7BBE85,
0x4E88D60E,
0x4E9F9FF3,
0x4EA38B56,
0x4EAB56B6,
0x4EB0A2DF,
0x4EC2209B,
0x4EC76CC4,
0x4ED32387,
0x4ED86FB0,
0x4ED9AB31,
0x4EE9ED6C,
0x4EF0177D,
0x4EFAF058,
0x4EFB4DF1,
0x4EFC2BD9,
0x4F017802,
0x4F23F8AA,
0x4F2944D3,
0x4F4BC57B,
0x4F5CC867,
0x4F5D2600,
0x4F6FA6E9,
0x4F73924C,
0x4F81076E,
0x4F84F2D1,
0x4F9773BA,
0x4FA38816,
0x4FA8D43F,
0x4FB48B02,
0x4FCB54E7,
0x4FD0A110,
0x4FD17EF8,
0x4FF321B8,
0x500AAC4E,
0x501AEE89,
0x50294193,
0x502D2CF6,
0x5032791F,
0x50510E64,
0x5054F9C7,
0x5078DB35,
0x507CC698,
0x5095F27D,
0x50ACBC62,
0x50B2E673,
0x50D48933,
0x50D9D55C,
0x50DAB344,
0x510AA90E,
0x513275DF,
0x515A42B0,
0x515E2E13,
0x51820F81,
0x51B5F0AE,
0x51BC1ABF,
0x5213DD5A,
0x522A49A6,
0x52365E02,
0x523BAA2B,
0x526376FC,
0x52975829,
0x52B44C1F,
0x52BB3997,
0x52E3E450,
0x52F544D5,
0x53058710,
0x530BB121,
0x530C0EBA,
0x531D11A6,
0x532D53E1,
0x5333DB8B,
0x533F924E,
0x5344DE77,
0x536373BC,
0x53675F1F,
0x536CAB48,
0x538B408D,
0x538F2BF0,
0x539CA112,
0x53BD806B,
0x53C46DE3,
0x53C54BCB,
0x53E6EE8B,
0x53EC3AB4,
0x53ED189C,
0x5403E281,
0x540EBB5C,
0x5414E56D,
0x542645F2,
0x543D0FD7,
0x5444DB37,
0x5448C69A,
0x544E12C3,
0x5464DCA8,
0x546CA808,
0x5470936B,
0x549474D9,
0x54A6B346,
0x54BC41AA,
0x54CE8017,
0x54E549FC,
0x54F64CE8,
0x550D16CD,
0x553D0C97,
0x554E0F83,
0x5551FAE6,
0x5564D968,
0x5575DC54,
0x558CA639,
0x559DA925,
0x55AFE792,
0x55C6B177,
0x55D7B463,
0x55EE7E48,
0x55F649A8,
0x55FF8134,
0x56164B19,
0x561E1679,
0x56225F75,
0x562F76FE,
0x5645E34A,
0x564640E3,
0x564A2C46,
0x565743CF,
0x565CAD2F,
0x566E0DB4,
0x5671F917,
0x5679C477,
0x567F10A0,
0x5695DA85,
0x56A6DD71,
0x56A818F2,
0x56BDA756,
0x56C9BBB2,
0x56CFE5C3,
0x56F2666B,
0x56F7B294,
0x571A333C,
0x571B9402,
0x572120B4,
0x57274AC5,
0x5738AB4A,
0x573E14AA,
0x574F1796,
0x574F752F,
0x57536092,
0x5760781B,
0x5765E17B,
0x5771F5D7,
0x57774200,
0x577F0D60,
0x5782F8C3,
0x578844EC,
0x5799C2A8,
0x579F0ED1,
0x579FECB9,
0x57B14D3E,
0x57C18F79,
0x57D91A0F,
0x57E00787,
0x57E95C4A,
0x57F7AF54,
0x5800E6E0,
0x581F7C25,
0x58236788,
0x584748F6,
0x5858A97B,
0x5864603E,
0x587B2A23,
0x5880764C,
0x58815434,
0x58A2F6F4,
0x58A8431D,
0x58A92105,
0x58CAC3C5,
0x58D916CF,
0x58E24E5B,
0x5900E3A0,
0x59228660,
0x5928B071,
0x59507D42,
0x5980730C,
0x59845E6F,
0x59E24B1B,
0x5A0A17EC,
0x5A31E4BD,
0x5A65C5EA,
0x5A89A758,
0x5AAC2800,
0x5AB17429,
0x5AB25211,
0x5AC3B296,
0x5ADA1EE2,
0x5AEB7F67,
0x5B0E000F,
0x5B0F60D5,
0x5B134C38,
0x5B31E17D,
0x5B35CCE0,
0x5B3B1909,
0x5B59AE4E,
0x5B6B0ED3,
0x5B817B1F,
0x5B92DBA4,
0x5B93B98C,
0x5B9905B5,
0x5BB55C4C,
0x5BBAA875,
0x5BBB865D,
0x5BBBE3F6,
0x5BCCE6E2,
0x5BDD291D,
0x5BE27546,
0x5BE3532E,
0x5BE3B0C7,
0x5BF4B3B3,
0x5C0B7D98,
0x5C1348F8,
0x5C17345B,
0x5C1C8084,
0x5C3B15C9,
0x5C3F012C,
0x5C62E29A,
0x5C74431F,
0x5C752107,
0x5C8AAF6B,
0x5C9C0FF0,
0x5C9CEDD8,
0x5CB3B7BD,
0x5CC4BAA9,
0x5CDB848E,
0x5D0B7A58,
0x5D14B1E4,
0x5D1C7D44,
0x5D25B4D0,
0x5D334729,
0x5D3C7EB5,
0x5D444A15,
0x5D5B13FA,
0x5D6C16E6,
0x5D82E0CB,
0x5D951F38,
0x5DA62224,
0x5DBCEC09,
0x5DC4B769,
0x5DCDEEF5,
0x5DE4B8DA,
0x5DFDE4BF,
0x5E14AEA4,
0x5E189A07,
0x5E25B190,
0x5E3C7B75,
0x5E4D7E61,
0x5E644846,
0x5E754B32,
0x5E7686B3,
0x5E8C1517,
0x5E9E5384,
0x5EA540FC,
0x5EA61EE4,
0x5EC62055,
0x5ECDEBB5,
0x5EF5B886,
0x5F07190B,
0x5F0C826B,
0x5F1D8557,
0x5F1DE2F0,
0x5F2EE5DC,
0x5F406398,
0x5F45AFC1,
0x5F4D7B21,
0x5F516684,
0x5F56B2AD,
0x5F683069,
0x5F6D7C92,
0x5F6E5A7A,
0x5F7547F2,
0x5FA787D0,
0x5FAE7548,
0x5FC61D15,
0x5FCB693E,
0x5FCF54A1,
0x5FEDE9E6,
0x5FF1D549,
0x5FFEECD2,
0x5FFF4A6B,
0x60104D57,
0x6015B6B7,
0x6027173C,
0x6032CDFF,
0x60381A28,
0x604997E4,
0x604EE40D,
0x6056AF6D,
0x607164B5,
0x6076B0DE,
0x60778EC6,
0x607E7C3E,
0x60993186,
0x60A6490F,
0x60A6A6A8,
0x60A78490,
0x60CF5161,
0x60F0F421,
0x60F71E32,
0x611EEB03,
0x612AFF5F,
0x614EE0CD,
0x6152CC30,
0x61581859,
0x6176AD9E,
0x61AF7D5B,
0x61B0B8DC,
0x61D885AD,
0x6200527E,
0x623433AB,
0x62581519,
0x627FE1EA,
0x6280BFD2,
0x62922057,
0x62A7AEBB,
0x62B9ED28,
0x62DDCE96,
0x62E1B9F9,
0x63004F3E,
0x63059B67,
0x630986CA,
0x63281C0F,
0x63397C94,
0x634FE8E0,
0x63614965,
0x6362274D,
0x63677376,
0x6383CA0D,
0x63891636,
0x6389F41E,
0x639B54A3,
0x63B0E307,
0x63B1C0EF,
0x63C32174,
0x63E1B6B9,
0x63E5A21C,
0x63E702E2,
0x63EAEE45,
0x6409838A,
0x640D6EED,
0x640ECFB3,
0x6431505B,
0x6442B0E0,
0x64438EC8,
0x64591D2C,
0x646A7DB1,
0x646B5B99,
0x6482257E,
0x648CFE59,
0x6493286A,
0x64938603,
0x64A9F24F,
0x64BB52D4,
0x64CC55C0,
0x64D9E819,
0x64E31FA5,
0x64EAEB05,
0x64F42291,
0x6512B7D6,
0x653A84A7,
0x65638CF9,
0x658B59CA,
0x65987153,
0x659C5CB6,
0x65CC5280,
0x65E31C65,
0x65F41F51,
0x660AE936,
0x661BEC22,
0x6632B607,
0x6643B8F3,
0x6644F474,
0x665A82D8,
0x666CC145,
0x6673AEBD,
0x66748CA5,
0x66948E16,
0x669B7B8E,
0x669C5976,
0x66C42647,
0x66D586CC,
0x66EC50B1,
0x66F9683A,
0x66FD539D,
0x67141D82,
0x671BE8E2,
0x6725206E,
0x673BEA53,
0x673CC83B,
0x6743B5B3,
0x677CE309,
0x677DC0F1,
0x67948AD6,
0x6799D6FF,
0x679DC262,
0x67A4AFDA,
0x67A58DC2,
0x67B6EE47,
0x67BC57A7,
0x67CD5A93,
0x67CDB82C,
0x67DEBB18,
0x67E42478,
0x67F584FD,
0x68013BC0,
0x680687E9,
0x68141A42,
0x681805A5,
0x681D51CE,
0x68251D2E,
0x683FD276,
0x68451E9F,
0x6845FC87,
0x684CE9FF,
0x685E4A84,
0x68679F47,
0x6874B6D0,
0x68751469,
0x6875F251,
0x689CE13A,
0x689DBF22,
0x68A30B4B,
0x68C58BF3,
0x68D68EDF,
0x68D6EC78,
0x68ED58C4,
0x68F96D20,
0x68FEB949,
0x690684A9,
0x691D4E8E,
0x692139F1,
0x6926861A,
0x692E517A,
0x69451B5F,
0x69561E4B,
0x697DEB1C,
0x697F269D,
0x69A0C95D,
0x69A6F36E,
0x69CEC03F,
0x6A02A16C,
0x6A2682DA,
0x6A4E4FAB,
0x6A608E18,
0x6A761C7C,
0x6A885AE9,
0x6AAC3C57,
0x6AB027BA,
0x6ACEBCFF,
0x6AD40928,
0x6AD7F48B,
0x6AF689D0,
0x6B07EA55,
0x6B2FB726,
0x6B30950E,
0x6B35E137,
0x6B5783F7,
0x6B5861DF,
0x6B7F50C8,
0x6B802EB0,
0x6B8DA3D2,
0x6B918F35,
0x6BB0247A,
0x6BB570A3,
0x6BB95C06,
0x6BD7F14B,
0x6BDD3D74,
0x6BFFBE1C,
0x6C111EA1,
0x6C1748B2,
0x6C278AED,
0x6C38EB72,
0x6C39C95A,
0x6C5B6C1A,
0x6C61962B,
0x6CB958C6,
0x6CBEA4EF,
0x6CC29052,
0x6CD56ED4,
0x6CE12597,
0x6CF2861C,
0x6D08F268,
0x6D1A52ED,
0x6D31FABA,
0x6D59C78B,
0x6D66DF14,
0x6D6ACA77,
0x6D92F4E1,
0x6D9AC041,
0x6DB18A26,
0x6DBAC1B2,
0x6DC28D12,
0x6DEA59E3,
0x6E1226B4,
0x6E3B2F06,
0x6E421C7E,
0x6E42FA66,
0x6E48468F,
0x6E62FBD7,
0x6E69E94F,
0x6E701360,
0x6E92F1A1,
0x6EA0092A,
0x6EA3F48D,
0x6EBABE72,
0x6EC7D5FB,
0x6ECBC15E,
0x6EE28B43,
0x6EEA56A3,
0x6EF38E2F,
0x6F0A5814,
0x6F122374,
0x6F4B50CA,
0x6F4C2EB2,
0x6F6844C0,
0x6F6C3023,
0x6F731D9B,
0x6F73FB83,
0x6F855C08,
0x6F8AC568,
0x6F9BC854,
0x6F9C25ED,
0x6FAD28D9,
0x6FB29239,
0x6FC3F2BE,
0x6FCFA981,
0x6FD10A47,
0x6FD4F5AA,
0x6FE28803,
0x6FEBBF8F,
0x6FF38AEF,
0x6FF8D718,
0x700A54D4,
0x70138C60,
0x701B57C0,
0x702CB845,
0x702D962D,
0x70432491,
0x7043822A,
0x70446012,
0x7049AC3B,
0x705562FE,
0x706B4EFB,
0x706C2CE3,
0x7071790C,
0x707D2FCF,
0x7093F9B4,
0x70A4FCA0,
0x70A55A39,
0x70B65D25,
0x70BBC685,
0x70C7DAE1,
0x70CD270A,
0x70D4F26A,
0x70EBBC4F,
0x70EFA7B2,
0x70F4F3DB,
0x70FCBF3B,
0x71138920,
0x71248C0C,
0x713B55F1,
0x714C58DD,
0x714CB676,
0x714D945E,
0x716F371E,
0x7175612F,
0x719D2E00,
0x71AE8E85,
0x71D10F2D,
0x71D65B56,
0x71DE26B6,
0x71F4F09B,
0x7205F387,
0x721CBD6C,
0x722DC058,
0x722EFBD9,
0x72448A3D,
0x7256C8AA,
0x727E957B,
0x72A276E9,
0x72A6624C,
0x72D65816,
0x72FE24E7,
0x72FF02CF,
0x73044EF8,
0x7325F1B8,
0x734DBE89,
0x735C1193,
0x735FFCF6,
0x737E923B,
0x7383DE64,
0x7387C9C7,
0x73A65F0C,
0x73ABAB35,
0x73CE2BDD,
0x73DF8C62,
0x73E5B673,
0x74075933,
0x743003EC,
0x746545DF,
0x747C0FC4,
0x7487C687,
0x748D12B0,
0x7490FE13,
0x74AF9358,
0x74C0F3DD,
0x74D76029,
0x74E8C0AE,
0x7505B4A4,
0x752F22C4,
0x75692E02,
0x7590FAD3,
0x75B8C7A4,
0x75E09475,
0x76108A3F,
0x7616B450,
0x76316998,
0x76385710,
0x763E8121,
0x766023E1,
0x76615F62,
0x766E76EB,
0x7672624E,
0x76892C33,
0x769263BF,
0x769643BC,
0x769A2F1F,
0x76BE108D,
0x76C1FBF0,
0x76F81BCB,
0x7719BE8B,
0x771A9C73,
0x771FE89C,
0x7736B281,
0x77418B5C,
0x77426944,
0x7753C9C9,
0x776A93AE,
0x7777AB37,
0x777B969A,
0x778E1783,
0x7792607F,
0x779F7808,
0x77A3636B,
0x77B0F5C4,
0x77BA2D50,
0x77C1F8B0,
0x77C744D9,
0x77D8C295,
0x77E1FA21,
0x77E9C581,
0x77FB2606,
0x78008F66,
0x78119252,
0x7811EFEB,
0x7812CDD3,
0x781819FC,
0x7823D0BF,
0x7839BCBC,
0x783A9AA4,
0x783FE6CD,
0x784B9D90,
0x78626775,
0x786F7EFE,
0x78736A61,
0x7873C7FA,
0x7884CAE6,
0x788A3446,
0x789648A2,
0x7897A968,
0x789B94CB,
0x78A3602B,
0x78A8AC54,
0x78BA2A10,
0x78BF7639,
0x78C3619C,
0x78CB2CFC,
0x78D07925,
0x78E1F6E1,
0x78F2F9CD,
0x7909C3B2,
0x791AC69E,
0x791B2437,
0x791C021F,
0x79214E48,
0x79319083,
0x7942F108,
0x7943CEF0,
0x7954D1DC,
0x79552F75,
0x796B9BC1,
0x797CFC46,
0x798F7D2F,
0x79A4C917,
0x79AC9477,
0x79C35E5C,
0x79D46148,
0x79EB2B2D,
0x79FC2E19,
0x7A12F7FE,
0x7A25366B,
0x7A4D033C,
0x7A53F0B4,
0x7A70E4AA,
0x7A74D00D,
0x7AA4C5D7,
0x7AB5C8C3,
0x7ACC92A8,
0x7AD2BCB9,
0x7AF45F79,
0x7B1C2C4A,
0x7B2A7F54,
0x7B35582F,
0x7B4CFFFC,
0x7B524C25,
0x7B563788,
0x7B74CCCD,
0x7B7A18F6,
0x7BADFA23,
0x7BB42434,
0x7BD5C6F4,
0x7BF45C39,
0x7BFD93C5,
0x7C0BE6CF,
0x7C2D2BF6,
0x7C33B3A0,
0x7C555660,
0x7C563448,
0x7C5B8071,
0x7C7E0119,
0x7C8F619E,
0x7CA5CDEA,
0x7CB3430C,
0x7CB72E6F,
0x7CD42265,
0x7CFD9085,
0x7D255D56,
0x7D379BC3,
0x7D3CE7EC,
0x7D53B1D1,
0x7D5F6894,
0x7D64B4BD,
0x7D834A02,
0x7D873565,
0x7D9895EA,
0x7DAF0236,
0x7DDEF800,
0x7DE52211,
0x7E06C4D1,
0x7E0CEEE2,
0x7E2E91A2,
0x7E3CE4AC,
0x7E40D00F,
0x7E64B17D,
0x7E689CE0,
0x7E8C7E4E,
0x7E9069B1,
0x7EB44B1F,
0x7EC6898C,
0x7EE82C4C,
0x7EEE565D,
0x7F0FF91D,
0x7F39016F,
0x7F4618F8,
0x7F4A045B,
0x7F5C8544,
0x7F60CE40,
0x7F6DE5C9,
0x7F71D12C,
0x7F84AFAE,
0x7F906671,
0x7F95B29A,
0x7FC993C7,
0x7FCFBDD8,
0x7FE13B94,
0x7FE687BD,
0x7FF78AA9,
0x80090865,
0x800E548E,
0x801A0B51,
0x80278073,
0x8030D536,
0x803DECBF,
0x803E4A58,
0x804235BB,
0x804F4D44,
0x80661729,
0x806A028C,
0x8071CDEC,
0x80771A15,
0x808897D1,
0x808DE3FA,
0x8091CF5D,
0x80999ABD,
0x809EE6E6,
0x80B064A2,
0x80B5B0CB,
0x80C1678E,
0x80C7EF38,
0x80D83173,
0x80E9345F,
0x80E991F8,
0x80EA6FE0,
0x80EFBC09,
0x81115EC9,
0x81123CB1,
0x81192A29,
0x813A0982,
0x8147210B,
0x814B6A07,
0x815DEAF0,
0x816F4B75,
0x817336D8,
0x817716D5,
0x817B0238,
0x81804E61,
0x8191CC1D,
0x81971846,
0x81A2CF09,
0x81A81B32,
0x81B998EE,
0x81CA9BDA,
0x81CAF973,
0x81E165BF,
0x81F8F055,
0x821B70FD,
0x82225E75,
0x823F526B,
0x82433DCE,
0x825C69B3,
0x82733398,
0x82843684,
0x829B0069,
0x82A12A7A,
0x82C2CD3A,
0x82EA9A0B,
0x82F8ED15,
0x8303C5F0,
0x831A8FD5,
0x8320B9E6,
0x834886B7,
0x83787C81,
0x837C67E4,
0x83A434B5,
0x83AC0015,
0x83C2C9FA,
0x83CC0186,
0x83DA5490,
0x84022161,
0x8423C421,
0x8424A209,
0x8429EE32,
0x844C6EDA,
0x845DCF5F,
0x8481B0CD,
0x84859C30,
0x84A97D9E,
0x84BBBC0B,
0x84CBFE46,
0x84E388DC,
0x84F3CB17,
0x85052B9C,
0x85060984,
0x850B55AD,
0x851B97E8,
0x852DD655,
0x8533227E,
0x8551B7C3,
0x8555A326,
0x856703AB,
0x85798494,
0x857D6FF7,
0x85AD65C1,
0x85B2B1EA,
0x85B38FD2,
0x85D53292,
0x85DA7EBB,
0x85DB5CA3,
0x85FCFF63,
0x860F3DD0,
0x862B53DE,
0x86331F3E,
0x86370AA1,
0x865AEC0F,
0x865ED772,
0x8682B8E0,
0x8694F74D,
0x86B69A0D,
0x86BCC41E,
0x86DE66DE,
0x871486B9,
0x873C538A,
0x87403EED,
0x87531D6F,
0x8764205B,
0x877AEA40,
0x87980188,
0x879E2B99,
0x87AFA955,
0x87B4F57E,
0x87BFCE59,
0x87C5F86A,
0x87DCC24F,
0x87F5EE34,
0x880C5A80,
0x880CB819,
0x8810A37C,
0x881DBB05,
0x883484EA,
0x8838704D,
0x88403BAD,
0x884587D6,
0x885C51BB,
0x8868087E,
0x886D54A7,
0x886E328F,
0x88841E8C,
0x888FD54F,
0x88965CF9,
0x889D4A71,
0x88BE29CA,
0x88E0AA72,
0x88E797EA,
0x88EDC1FB,
0x88FF2280,
0x89087743,
0x890F64BB,
0x89158ECC,
0x8915EC65,
0x8926EF51,
0x892C58B1,
0x89386D0D,
0x893DB936,
0x8941A499,
0x89458496,
0x89496FF9,
0x894EBC22,
0x896039DE,
0x89658607,
0x896D5167,
0x89713CCA,
0x898806AF,
0x8999099B,
0x89996734,
0x899F9145,
0x89AFD380,
0x89C75E16,
0x89CE4B8E,
0x89DFC94A,
0x89F0CC36,
0x8A0DC02C,
0x8A11AB8F,
0x8A2AD774,
0x8A41A159,
0x8A4EB8E2,
0x8A52A445,
0x8A57F06E,
0x8A696E2A,
0x8A6EBA53,
0x8A6F983B,
0x8A7685B3,
0x8A7A7116,
0x8A913AFB,
0x8A9E5284,
0x8AB907CC,
0x8AC75AD6,
0x8AD233B1,
0x8AE8FD96,
0x8AEF27A7,
0x8B10CA67,
0x8B16F478,
0x8B340BC0,
0x8B46EA42,
0x8B4AD5A5,
0x8B6EB713,
0x8B72A276,
0x8B9A6F47,
0x8BA8C251,
0x8BD08F22,
0x8BF231E2,
0x8BF85BF3,
0x8C2C3D20,
0x8C3EBE09,
0x8C501E8E,
0x8C5409F1,
0x8C77EB5F,
0x8C83A222,
0x8C8A29CC,
0x8C9A6C07,
0x8C9FB830,
0x8CAB6EF3,
0x8CB1F69D,
0x8CC238D8,
0x8CD3995D,
0x8CD47745,
0x8CD9C36E,
0x8CFC4416,
0x8D01903F,
0x8D202584,
0x8D2410E7,
0x8D318609,
0x8D35716C,
0x8D47F255,
0x8D4BDDB8,
0x8D5952DA,
0x8D7BD382,
0x8D811FAB,
0x8D81FD93,
0x8DA3A053,
0x8DA8EC7C,
0x8DA9CA64,
0x8DBB2AE9,
0x8DCB6D24,
0x8DE2F7BA,
0x8E018CFF,
0x8E057862,
0x8E2959D0,
0x8E2D4533,
0x8E5126A1,
0x8E63650E,
0x8E8507CE,
0x8E8A53F7,
0x8E8B31DF,
0x8EACD49F,
0x8EE2F47A,
0x8F0AC14B,
0x8F218B30,
0x8F328E1C,
0x8F666F49,
0x8F83633F,
0x8F8E3C1A,
0x8F94662B,
0x8FAB3010,
0x8FC45BF5,
0x8FDAC841,
0x8FEC28C6,
0x9002F2AB,
0x900EA96E,
0x9013F597,
0x902ABF7C,
0x903BC268,
0x90528C4D,
0x9064CABA,
0x906BB832,
0x908C978B,
0x90938503,
0x90AF1833,
0x90B605AB,
0x90BC2FBC,
0x90CD9041,
0x90DDD27C,
0x90E3FC8D,
0x90E45A26,
0x90F55D12,
0x90FAC672,
0x9106DACE,
0x910C26F7,
0x9113F257,
0x9117DDBA,
0x911D29E3,
0x9133F3C8,
0x913BBF28,
0x913FAA8B,
0x91638BF9,
0x9167775C,
0x9174EC7E,
0x9175CA66,
0x9195CBD7,
0x919CB94F,
0x919D9737,
0x91BF39F7,
0x91C48620,
0x91C56408,
0x91D6C48D,
0x91DC2DED,
0x91E01950,
0x91ED8E72,
0x91F94535,
0x91FE915E,
0x92100F1A,
0x92155B43,
0x921D26A3,
0x92211206,
0x92265E2F,
0x9237DBEB,
0x923D2814,
0x9244F374,
0x9248DED7,
0x925FA8BC,
0x926CC045,
0x9287758D,
0x92A0A172,
0x92B76B57,
0x92BD9568,
0x92DF3828,
0x92E56239,
0x93155803,
0x93194366,
0x93265AEF,
0x933D24D4,
0x93411037,
0x934E27C0,
0x9364F1A5,
0x9368DD08,
0x9375F491,
0x93773012,
0x939EFCE3,
0x93C09FA3,
0x93C6C9B4,
0x93FAAAE1,
0x940D2BCA,
0x941E8C4F,
0x942277B2,
0x94465920,
0x9458978D,
0x946E25F1,
0x9480645E,
0x94A2071E,
0x94A2E506,
0x94A8312F,
0x94CAB1D7,
0x94CFFE00,
0x94EE9345,
0x94FFF3CA,
0x95166016,
0x9527C09B,
0x9533775E,
0x954A4143,
0x954F8D6C,
0x955B442F,
0x95720E14,
0x95775A3D,
0x95783825,
0x958998AA,
0x9599DAE5,
0x95B1657B,
0x95CFFAC0,
0x95D3E623,
0x95F7C791,
0x95FBB2F4,
0x96092816,
0x961F9462,
0x9630F4E7,
0x9653758F,
0x9658C1B8,
0x96599FA0,
0x967B4260,
0x96B1623B,
0x96BA99C7,
0x96D92F0C,
0x9700FBDD,
0x9734DD0A,
0x9751D100,
0x9758BE78,
0x975CA9DB,
0x97799DD1,
0x9792C9B6,
0x97BA9687,
0x97D1606C,
0x97E26358,
0x97F92D3D,
0x9800F89D,
0x980A3029,
0x983A25F3,
0x985B054C,
0x9861F2C4,
0x9889BF95,
0x988A9D7D,
0x989BFE02,
0x98B26A4E,
0x98B2C7E7,
0x98C3CAD3,
0x98C93433,
0x98DA94B8,
0x98E26018,
0x98E64B7B,
0x98E7AC41,
0x98EB97A4,
0x99026189,
0x990A2CE9,
0x9931F9BA,
0x99435A3F,
0x99443827,
0x996B2710,
0x996C04F8,
0x997D657D,
0x998DA7B8,
0x9992F3E1,
0x9993D1C9,
0x99942F62,
0x99A5324E,
0x99AA9BAE,
0x99BBFC33,
0x99C7B2F6,
0x99CCFF1F,
0x99DE7CDB,
0x99E3C904,
0x99EB9464,
0x99EF7FC7,
0x99F4CBF0,
0x9A025E49,
0x9A0B95D5,
0x9A136135,
0x9A174C98,
0x9A18AD5E,
0x9A3B2E06,
0x9A3B8B9F,
0x9A4C8E8B,
0x9A4D6C73,
0x9A635870,
0x9A6F0F33,
0x9A745B5C,
0x9A753944,
0x9A8B2541,
0x9A8C0329,
0x9A9D0615,
0x9AB3CFFA,
0x9ACCFBDF,
0x9AD6336B,
0x9AE3C5C4,
0x9AE7B127,
0x9AECFD50,
0x9AF4C8B0,
0x9B0B9295,
0x9B0F7DF8,
0x9B1C9581,
0x9B335F66,
0x9B374AC9,
0x9B446252,
0x9B459DD3,
0x9B6D6AA4,
0x9B8F0D64,
0x9B953775,
0x9BC918A2,
0x9BECFA10,
0x9BF0E573,
0x9BFDFCFC,
0x9C14C6E1,
0x9C18B244,
0x9C25C9CD,
0x9C27054E,
0x9C3C93B2,
0x9C4D969E,
0x9C4ED21F,
0x9C7074DF,
0x9C769EF0,
0x9C7D8C68,
0x9C9E6BC1,
0x9CBD0106,
0x9CCE618B,
0x9CE4CDD7,
0x9CF62E5C,
0x9D01E51F,
0x9D18AF04,
0x9D1DFB2D,
0x9D29B1F0,
0x9D45C7FE,
0x9D46A5E6,
0x9D7FD33C,
0x9D9E6881,
0x9DA3B4AA,
0x9DC63552,
0x9DCA20B5,
0x9DD795D7,
0x9DEE0223,
0x9DFF62A8,
0x9E0B196B,
0x9E21E350,
0x9E272F79,
0x9E280D61,
0x9E49B021,
0x9E7EF214,
0x9E7FCFFC,
0x9EA79CCD,
0x9ECF699E,
0x9F034ACB,
0x9F0896F4,
0x9F272C39,
0x9F2B179C,
0x9F3063C5,
0x9F613777,
0x9F890448,
0x9FB0D119,
0x9FCF665E,
0x9FD89DEA,
0xA00893B4,
0xA029730D,
0xA0306085,
0xA0582D56,
0xA0590B3E,
0xA06A6BC3,
0xA08135A8,
0xA0923894,
0xA0A90279,
0xA0B0CDD9,
0xA0B61A02,
0xA0BA0565,
0xA0D0CF4A,
0xA0D89AAA,
0xA0DDE6D3,
0xA100677B,
0xA111C800,
0xA117F211,
0xA128344C,
0xA13994D1,
0xA13A72B9,
0xA13FBEE2,
0xA15C1579,
0xA16161A2,
0xA1623F8A,
0xA1629D23,
0xA173A00F,
0xA179096F,
0xA18A69F4,
0xA197817D,
0xA19B6CE0,
0xA1B236C5,
0xA1BA0225,
0xA1BDED88,
0xA1BF4E4E,
0xA1C339B1,
0xA1D0CC0A,
0xA1DA0396,
0xA1E1CEF6,
0xA1E5BA59,
0xA1E71B1F,
0xA1F32F7B,
0xA1F898DB,
0xA2099BC7,
0xA209F960,
0xA21AFC4C,
0xA21BDA34,
0xA231C631,
0xA23D7CF4,
0xA242C91D,
0xA243A705,
0xA2599302,
0xA25A70EA,
0xA26B73D6,
0xA26BD16F,
0xA2823DBB,
0xA2939E40,
0xA29B69A0,
0xA2A4A12C,
0xA2B23385,
0xA2B61EE8,
0xA2BB6B11,
0xA2C33671,
0xA2DA0056,
0xA2EB0342,
0xA301CD27,
0xA312D013,
0xA3140B94,
0xA32999F8,
0xA33AFA7D,
0xA33BD865,
0xA34CDB51,
0xA362C74E,
0xA363A536,
0xA3A49DEC,
0xA3BB67D1,
0xA3BF5334,
0xA3C49F5D,
0xA3CC6ABD,
0xA3E334A2,
0xA3E72005,
0xA3EB0002,
0xA3F4378E,
0xA40B0173,
0xA41D3FE0,
0xA43EE2A0,
0xA4450CB1,
0xA44BFA29,
0xA46CD982,
0xA48B6EC7,
0xA49CCF4C,
0xA4C49C1D,
0xA4D59F09,
0xA4EC68EE,
0xA4F4344E,
0xA4FD6BDA,
0xA51435BF,
0xA51513A7,
0xA51C011F,
0xA54E40FD,
0xA5552E75,
0xA56CD642,
0xA572226B,
0xA58E7902,
0xA594A313,
0xA5A60398,
0xA5BC6FE4,
0xA5CDD069,
0xA5D9872C,
0xA5EC65AE,
0xA5F05111,
0xA5F59D3A,
0xA6181DE2,
0xA64D5FD5,
0xA64E3DBD,
0xA65389E6,
0xA6760A8E,
0xA6876B13,
0xA69DD75F,
0xA6AF37E4,
0xA6D1B88C,
0xA6D704B5,
0xA6F599FA,
0xA6F9855D,
0xA6FED186,
0xA71D66CB,
0xA72FA538,
0xA7569421,
0xA7577209,
0xA77F3EDA,
0xA7A70BAB,
0xA7D70175,
0xA7DAECD8,
0xA7FECE46,
0xA8269B17,
0xA838D984,
0xA84E67E8,
0xA860A655,
0xA87F3B9A,
0xA88487C3,
0xA8887326,
0xA8A7086B,
0xA8AC5494,
0xA8E035C1,
0xA8E65FD2,
0xA9080292,
0xA908E07A,
0xA90E2CA3,
0xA92FCF63,
0xA930AD4B,
0xA9310AE4,
0xA9420DD0,
0xA9477730,
0xA958D7B5,
0xA965EF3E,
0xA969DAA1,
0xA980A486,
0xA9886FE6,
0xA98DBC0F,
0xA991A772,
0xA99F39CB,
0xA9A87157,
0xA9B03CB7,
0xA9B588E0,
0xA9C19D3C,
0xA9D80988,
0xA9D86721,
0xA9E96A0D,
0xA9EF941E,
0xAA0BEAB5,
0xAA1136DE,
0xAA1214C6,
0xAA28DEAB,
0xAA39E197,
0xAA3A3F30,
0xAA50AB7C,
0xAA620C01,
0xAA69D761,
0xAA730EED,
0xAA80A146,
0xAA85ED6F,
0xAA89D8D2,
0xAA91A432,
0xAA96F05B,
0xAAA86E17,
0xAAADBA40,
0xAAB97103,
0xAACAD188,
0xAAD03AE8,
0xAAE13DD4,
0xAAE19B6D,
0xAAE27955,
0xAAF29E59,
0xAAF807B9,
0xAB09683E,
0xAB0A4626,
0xAB11339E,
0xAB31350F,
0xAB3212F7,
0xAB43737C,
0xAB6B404D,
0xAB730BAD,
0xAB89D592,
0xAB930D1E,
0xAB9AD87E,
0xABB1A263,
0xABB58DC6,
0xABC2A54F,
0xABD96F34,
0xAC137A72,
0xAC1A67EA,
0xAC3B4743,
0xAC4234BB,
0xAC547328,
0xAC6B3D0D,
0xAC7C3FF9,
0xAC9309DE,
0xACA40CCA,
0xACBAD6AF,
0xACC2A20F,
0xACCBD99B,
0xACE2A380,
0xACEA6EE0,
0xACFBCF65,
0xAD12994A,
0xAD239C36,
0xAD3B4403,
0xAD40902C,
0xAD6310D4,
0xAD747159,
0xAD9C3E2A,
0xADA7F4ED,
0xADAD4116,
0xADBAD36F,
0xADC40AFB,
0xADCBD65B,
0xADE2A040,
0xADF3A32C,
0xADFA2AD6,
0xAE0503B1,
0xAE1B6FFD,
0xAE1BCD96,
0xAE1CAB7E,
0xAE21F7A7,
0xAE439A67,
0xAE44784F,
0xAE55D8D4,
0xAE6C4520,
0xAE7DA5A5,
0xAEA0264D,
0xAEA57276,
0xAEC407BB,
0xAEC7F31E,
0xAECD3F47,
0xAEEBD48C,
0xAEFD3511,
0xAEFE12F9,
0xAF13A15D,
0xAF2501E2,
0xAF25DFCA,
0xAF4DAC9B,
0xAF718E09,
0xAF75796C,
0xAF86D9F1,
0xAFA56F36,
0xAFA95A99,
0xAFCD3C07,
0xAFF508D8,
0xB0074745,
0xB01CD5A9,
0xB02F1416,
0xB052F584,
0xB056E0E7,
0xB07AC255,
0xB0AEA382,
0xB0B4CD93,
0xB0D67053,
0xB0D74E3B,
0xB0FE3D24,
0xB0FF78A5,
0xB1345CFF,
0xB1384862,
0xB156DDA7,
0xB15C29D0,
0xB1601533,
0xB172F3B5,
0xB17EAA78,
0xB1900AFD,
0xB196350E,
0xB1A67749,
0xB1B7D7CE,
0xB1BE01DF,
0xB1DA5876,
0xB1DFA49F,
0xB1F74C6C,
0xB2084F58,
0xB208ACF1,
0xB215C47A,
0xB21F193D,
0xB23079C2,
0xB237673A,
0xB2384522,
0xB23D914B,
0xB24F0F07,
0xB2545B30,
0xB2584693,
0xB26011F3,
0xB2655E1C,
0xB276DBD8,
0xB27C2801,
0xB287DEC4,
0xB2993F49,
0xB2AFAB95,
0xB2B0092E,
0xB2B6333F,
0xB2C10C1A,
0xB2D8B3E7,
0xB2DFA15F,
0xB30080B8,
0xB3076E30,
0xB30D9841,
0xB339AE0E,
0xB341796E,
0xB3584353,
0xB3617ADF,
0xB3655ADC,
0xB369463F,
0xB36E9268,
0xB3801024,
0xB3911310,
0xB3A7DCF5,
0xB3B93D7A,
0xB3E10A4B,
0xB3E8D5AB,
0xB409B504,
0xB410A27C,
0xB422E0E9,
0xB439AACE,
0xB44AADBA,
0xB461779F,
0xB4727A8B,
0xB4894470,
0xB4965BF9,
0xB49A475C,
0xB4B11141,
0xB4CA3D26,
0xB4E1070B,
0xB4F209F7,
0xB4F2E7DF,
0xB508D3DC,
0xB509B1C4,
0xB50EFDED,
0xB52C1535,
0xB542DF1A,
0xB553E206,
0xB566C088,
0xB56AABEB,
0xB572774B,
0xB57BAED7,
0xB5894130,
0xB59278BC,
0xB59A441C,
0xB5B10E01,
0xB5C210ED,
0xB5D37172,
0xB5D8DAD2,
0xB5EA3B57,
0xB5EB193F,
0xB5F06568,
0xB6120828,
0xB612E610,
0xB6244695,
0xB63AB2E1,
0xB6482803,
0xB64C1366,
0xB66E940E,
0xB66FF4D4,
0xB673E037,
0xB692757C,
0xB69660DF,
0xB697C1A5,
0xB69BAD08,
0xB6A37868,
0xB6BA424D,
0xB6CB4539,
0xB6CBA2D2,
0xB6CC80BA,
0xB6D1CCE3,
0xB6E20F1E,
0xB6F36FA3,
0xB6F44D8B,
0xB6F999B4,
0xB71C1A5C,
0xB72D7AE1,
0xB73FFBCA,
0xB743E72D,
0xB75547B2,
0xB773DCF7,
0xB77D1483,
0xB79BA9C8,
0xB7A0F5F1,
0xB7C37699,
0xB7D4D71E,
0xB7EB436A,
0xB7FD81D7,
0xB8216345,
0xB8254EA8,
0xB8493016,
0xB87D1143,
0xB8A4DE14,
0xB8CCAAE5,
0xB902CAC0,
0xB9254B68,
0xB92A9791,
0xB92E82F4,
0xB9416176,
0xB95E78BE,
0xB986458F,
0xB98C6FA0,
0xB9AE1260,
0xB9BC656A,
0xB9CCA7A5,
0xB9E4323B,
0xBA05D4FB,
0xBA06B2E3,
0xBA0BFF0C,
0xBA22C8F1,
0xBA2E7FB4,
0xBA33CBDD,
0xBA4A95C2,
0xBA564C85,
0xBA63C1A7,
0xBA67AD0A,
0xBA7E1956,
0xBA84A100,
0xBA8B8E78,
0xBA8F79DB,
0xBAAE0F20,
0xBACEEE79,
0xBAD5DBF1,
0xBADC0602,
0xBAFDA8C2,
0xBB04306C,
0xBB0FE72F,
0xBB153358,
0xBB26B114,
0xBB2BFD3D,
0xBB2FE8A0,
0xBB33C89D,
0xBB37B400,
0xBB3D0029,
0xBB491485,
0xBB4E7DE5,
0xBB5B956E,
0xBB5F80D1,
0xBB5FDE6A,
0xBB87AB3B,
0xBB8DD54C,
0xBBB7436C,
0xBBBD6D7D,
0xBBDF103D,
0xBBE53A4E,
0xBBF14EAA,
0xBC06DD0E,
0xBC08188F,
0xBC153018,
0xBC191B7B,
0xBC2FE560,
0xBC3CFCE9,
0xBC40E84C,
0xBC57B231,
0xBC64C9BA,
0xBC68B51D,
0xBC7F7F02,
0xBC8C968B,
0xBC90DF87,
0xBC98AAE7,
0xBCAF74CC,
0xBCC077B8,
0xBCD7419D,
0xBCDD6BAE,
0xBCFF0E6E,
0xBD114CDB,
0xBD224FC7,
0xBD352E49,
0xBD3919AC,
0xBD40E50C,
0xBD4A1C98,
0xBD57AEF1,
0xBD5CFB1A,
0xBD60E67D,
0xBD68B1DD,
0xBD6DFE06,
0xBDA1DF33,
0xBDB8A918,
0xBDB98700,
0xBDBED329,
0xBDE075E9,
0xBDE153D1,
0xBDF256BD,
0xBDF2B456,
0xBE1695C4,
0xBE1A8127,
0xBE3E6295,
0xBE424DF8,
0xBE4A1958,
0xBE60E33D,
0xBE662F66,
0xBE6A1AC9,
0xBE71E629,
0xBE786DD3,
0xBE88B00E,
0xBE99B2FA,
0xBE9A1093,
0xBEA03AA4,
0xBEB07CDF,
0xBEC1DD64,
0xBEC2BB4C,
0xBEC80775,
0xBEEA881D,
0xBEF17595,
0xBF0E698B,
0xBF1254EE,
0xBF23B573,
0xBF424AB8,
0xBF4796E1,
0xBF4B8244,
0xBF6A1789,
0xBF6F63B2,
0xBF7B1A75,
0xBF91E45A,
0xBFA344DF,
0xBFB9B12B,
0xBFEFD106,
0xBFF3BC69,
0xC0179DD7,
0xC04B7F04,
0xC0734BD5,
0xC09B18A6,
0xC0D13881,
0xC0F2DB41,
0xC0F90552,
0xC12CE67F,
0xC150C7ED,
0xC154B350,
0xC17C8021,
0xC18AD32B,
0xC1B29FFC,
0xC1D442BC,
0xC1D520A4,
0xC1DA6CCD,
0xC1F136B2,
0xC1FCED75,
0xC202399E,
0xC2190383,
0xC224BA46,
0xC2322F68,
0xC2361ACB,
0xC259FC39,
0xC25DE79C,
0xC27C7CE1,
0xC281C90A,
0xC2940777,
0xC2A449B2,
0xC2AA73C3,
0xC2BBD448,
0xC2CC1683,
0xC2D29E2D,
0xC2DE54F0,
0xC2E3A119,
0xC2F3E354,
0xC2FA6AFE,
0xC302365E,
0xC30621C1,
0xC30B6DEA,
0xC3178246,
0xC32A032F,
0xC32DEE92,
0xC351D000,
0xC3633085,
0xC385B12D,
0xC38AFD56,
0xC38BDB3E,
0xC3AD7DFE,
0xC3B2CA27,
0xC3D54ACF,
0xC3D68650,
0xC3E39DD9,
0xC3E7893C,
0xC3ECD565,
0xC3FE5321,
0xC4039F4A,
0xC40B6AAA,
0xC40F560D,
0xC4261FF2,
0xC433377B,
0xC43722DE,
0xC4378077,
0xC45B044C,
0xC45F4D48,
0xC46718A8,
0xC48EE579,
0xC4950F8A,
0xC4ABD96F,
0xC4DFBA9C,
0xC4ECD225,
0xC5039C0A,
0xC507876D,
0xC5149EF6,
0xC5188A59,
0xC52B68DB,
0xC52F543E,
0xC53C6BC7,
0xC55335AC,
0xC5704CF4,
0xC58716D9,
0xC58D40EA,
0xC5AEE3AA,
0xC5E50385,
0xC5E8EEE8,
0xC60CD056,
0xC610BBB9,
0xC6188719,
0xC62F50FE,
0xC6349D27,
0xC638888A,
0xC64053EA,
0xC645A013,
0xC646DB94,
0xC6571DCF,
0xC6687E54,
0xC66EA865,
0xC67595DD,
0xC6904B25,
0xC691290D,
0xC6967536,
0xC6B8F5DE,
0xC6BFE356,
0xC6C66B00,
0xC6E0C2AF,
0xC6E7B027,
0xC6EE37D1,
0xC6F9EE94,
0xC710B879,
0xC71604A2,
0xC719F005,
0xC721BB65,
0xC738854A,
0xC73DD173,
0xC7498836,
0xC760521B,
0xC771B2A0,
0xC777DCB1,
0xC7881EEC,
0xC7A14AD1,
0xC7BE3EC7,
0xC7E60B98,
0xC819ECC5,
0xC81F38EE,
0xC841B996,
0xC8531A1B,
0xC8698667,
0xC89FA642,
0xC8C14902,
0xC8C77313,
0xC8FB5440,
0xC91F35AE,
0xC9232111,
0xC947027F,
0xC94AEDE2,
0xC9810DBD,
0xC9A2B07D,
0xC9A38E65,
0xC9A8DA8E,
0xC9D0A75F,
0xCA009D29,
0xCA04888C,
0xCA2869FA,
0xCA2C555D,
0xCA4AEAA2,
0xCA5036CB,
0xCA627538,
0xCA72B773,
0xCA78039C,
0xCA78E184,
0xCA8A4209,
0xCAA10BEE,
0xCAACC2B1,
0xCAB20EDA,
0xCAC8D8BF,
0xCAD0A41F,
0xCAD48F82,
0xCAD5F048,
0xCAD9DBAB,
0xCAF870F0,
0xCAFC5C53,
0xCB09D175,
0xCB0DBCD8,
0xCB203DC1,
0xCB209B5A,
0xCB319E46,
0xCB541EEE,
0xCB596B17,
0xCB5A48FF,
0xCB6BA984,
0xCB7BEBBF,
0xCB8137E8,
0xCB827369,
0xCB937655,
0xCBA3B890,
0xCBAA403A,
0xCBB20B9A,
0xCBB5F6FD,
0xCBBB4326,
0xCBD20D0B,
0xCBD9D86B,
0xCBDDC3CE,
0xCC01A53C,
0xCC05909F,
0xCC358669,
0xCC3BB07A,
0xCC519C77,
0xCC5D533A,
0xCC629F63,
0xCC637D4B,
0xCC796948,
0xCC7A4730,
0xCC937315,
0xCCAE285D,
0xCCBB3FE6,
0xCCD209CB,
0xCCD5F52E,
0xCCE30CB7,
0xCCF9D69C,
0xCCFDC1FF,
0xCD0AD988,
0xCD21A36D,
0xCD3EBAB5,
0xCD5BAEAB,
0xCD6CB197,
0xCD8B46DC,
0xCD9CA761,
0xCDB313AD,
0xCDB37146,
0xCDB75CA9,
0xCDC47432,
0xCDDB3E17,
0xCDDF297A,
0xCDEC4103,
0xCE030AE8,
0xCE06F64B,
0xCE140DD4,
0xCE202230,
0xCE36EC15,
0xCE3D1626,
0xCE44039E,
0xCE5EB8E6,
0xCE64E2F7,
0xCE6BD06F,
0xCE8E5117,
0xCE94D8C1,
0xCEB61DE8,
0xCEBCA592,
0xCEC85C55,
0xCEDF263A,
0xCEE47263,
0xCEF02926,
0xCF06F30B,
0xCF0C3F34,
0xCF140A94,
0xCF17F5F7,
0xCF2EBFDC,
0xCF3C34FE,
0xCF402061,
0xCF4D37EA,
0xCF6FB892,
0xCF7504BB,
0xCF868277,
0xCF8CAC88,
0xCF978563,
0xCF9E0D0D,
0xCFB47959,
0xCFC5D9DE,
0xCFD190A1,
0xCFE46F23,
0xCFE85A86,
0xCFEDA6AF,
0xCFF95D72,
0xD0102757,
0xD02187DC,
0xD037F428,
0xD06E1403,
0xD08FB6C3,
0xD095E0D4,
0xD0B78394,
0xD0C9C201,
0xD0EDA36F,
0xD0F18ED2,
0xD1157040,
0xD1195BA3,
0xD14F7B7E,
0xD1711E3E,
0xD177484F,
0xD19F1520,
0xD1CF0AEA,
0xD1D2F64D,
0xD1E57736,
0xD1F6D7BB,
0xD1FAC31E,
0xD21EA48C,
0xD230E2F9,
0xD246715D,
0xD2474F45,
0xD258AFCA,
0xD27B3072,
0xD2807C9B,
0xD29F11E0,
0xD2A2FD43,
0xD2A45E09,
0xD2C6DEB1,
0xD2D83F36,
0xD2EEAB82,
0xD3000C07,
0xD3228CAF,
0xD327D8D8,
0xD328B6C0,
0xD34A5980,
0xD34FA5A9,
0xD350E12A,
0xD361E416,
0xD3722651,
0xD378ADFB,
0xD380795B,
0xD389B0E7,
0xD3A07ACC,
0xD3A8462C,
0xD3AC318F,
0xD3AD9255,
0xD3D012FD,
0xD3D07096,
0xD3D3FE60,
0xD3E17382,
0xD3F83D67,
0xD403F42A,
0xD4094053,
0xD40A1E3B,
0xD42BC0FB,
0xD4310D24,
0xD431EB0C,
0xD448B4F1,
0xD461E0D6,
0xD481E247,
0xD489ADA7,
0xD492E533,
0xD4A0778C,
0xD4AB5067,
0xD4B17A78,
0xD4C8445D,
0xD4D94749,
0xD4F0112E,
0xD5093D13,
0xD50D2876,
0xD52A1C6C,
0xD53B1F58,
0xD56B1522,
0xD581DF07,
0xD592E1F3,
0xD5A9ABD8,
0xD5AD973B,
0xD5BAAEC4,
0xD5D178A9,
0xD5D5640C,
0xD5D94409,
0xD5E27B95,
0xD5EE8FF1,
0xD60559D6,
0xD60B83E7,
0xD612715F,
0xD63350B8,
0xD63A3E30,
0xD63B1C18,
0xD662E8E9,
0xD6634682,
0xD674496E,
0xD68AB5BA,
0xD68B1353,
0xD696CA16,
0xD69C163F,
0xD6AD93FB,
0xD6B2E024,
0xD6BAAB84,
0xD6BE96E7,
0xD6C3E310,
0xD6DAACF5,
0xD6E27855,
0xD70A4526,
0xD70AA2BF,
0xD70E8E22,
0xD71BA5AB,
0xD73E2653,
0xD743727C,
0xD754F038,
0xD75B1A49,
0xD765F324,
0xD76C7ACE,
0xD77CBD09,
0xD782E71A,
0xD794479F,
0xD79FFE62,
0xD7B6C847,
0xD7BC1470,
0xD7C7CB33,
0xD7DAA9B5,
0xD7DE9518,
0xD7EBACA1,
0xD7EFF59D,
0xD80661E9,
0xD8137972,
0xD813D70B,
0xD824D9F7,
0xD83BA3DC,
0xD83C81C4,
0xD85E2484,
0xD8644E95,
0xD885F155,
0xD8982FC2,
0xD89D7BEB,
0xD8BC1130,
0xD8BFFC93,
0xD8C548BC,
0xD8E3DE01,
0xD8E7C964,
0xD90BAAD2,
0xD91DE93F,
0xD93F8BFF,
0xD945B610,
0xD96D82E1,
0xD99D78AB,
0xD9A1640E,
0xD9C5457C,
0xD9C930DF,
0xD9ED124D,
0xD9FF50BA,
0xDA14DF1E,
0xDA271D8B,
0xDA4EEA5C,
0xDA72CBCA,
0xDA954C72,
0xDAA6ACF7,
0xDABD1943,
0xDACE79C8,
0xDAF0FA70,
0xDAF64699,
0xDAF72481,
0xDB1F4EEB,
0xDB3051D7,
0xDB4EE71C,
0xDB543345,
0xDB581EA8,
0xDB76B3ED,
0xDB7C0016,
0xDB881472,
0xDB9E80BE,
0xDBAFE143,
0xDBD261EB,
0xDBD7AE14,
0xDBFA2EBC,
0xDBFF7AE5,
0xDC0058CD,
0xDC00B666,
0xDC1722B2,
0xDC21FB8D,
0xDC288337,
0xDC304E97,
0xDC505008,
0xDC581B68,
0xDC6EE54D,
0xDC79BE28,
0xDC7FE839,
0xDC96B21E,
0xDCA7B50A,
0xDCB9158F,
0xDCBE7EEF,
0xDCCFDF74,
0xDCD7AAD4,
0xDCDB9637,
0xDCE0E260,
0xDCF88A2D,
0xDCFF77A5,
0xDD3982E3,
0xDD504CC8,
0xDD598454,
0xDD614FB4,
0xDD781999,
0xDD891C85,
0xDD9FE66A,
0xDDB0E956,
0xDDBCFDB2,
0xDDE0DF20,
0xDE01BE79,
0xDE08ABF1,
0xDE0989D9,
0xDE3078C2,
0xDE31B443,
0xDE42B72F,
0xDE598114,
0xDE6A8400,
0xDE814DE5,
0xDE891945,
0xDE9250D1,
0xDEA91AB6,
0xDEB0E616,
0xDED8B2E7,
0xDED91080,
0xDEDCFBE3,
0xDEEA136C,
0xDF00DD51,
0xDF0C9414,
0xDF11E03D,
0xDF12BE25,
0xDF29880A,
0xDF39AD0E,
0xDF3A8AF6,
0xDF3AE88F,
0xDF4BEB7B,
0xDF5154DB,
0xDF62B560,
0xDF73B84C,
0xDF853608,
0xDF8A8231,
0xDF924D91,
0xDF9638F4,
0xDF9B851D,
0xDFA91776,
0xDFAD02D9,
0xDFBA1A62,
0xDFBE635E,
0xDFCB7AE7,
0xDFD0E447,
0xDFE1E733,
0xDFE244CC,
0xDFF347B8,
0xE00A119D,
0xE00AEF85,
0xE01C500A,
0xE02C9245,
0xE031DE6E,
0xE032BC56,
0xE0441CDB,
0xE0545F16,
0xE0669D83,
0xE06BE9AC,
0xE08A7EF1,
0xE08E6A54,
0xE093B67D,
0xE0B24BC2,
0xE0B63725,
0xE0C34EAE,
0xE0DA1893,
0xE0EB1B7F,
0xE0EB7918,
0xE0EC5700,
0xE10DF9C0,
0xE11345E9,
0xE11423D1,
0xE135C691,
0xE13BF0A2,
0xE16BE66C,
0xE193B33D,
0xE1979EA0,
0xE1BB800E,
0xE1E34CDF,
0xE1F58B4C,
0xE21D581D,
0xE241398B,
0xE2751AB8,
0xE29CE789,
0xE2C4B45A,
0xE2C59242,
0xE31D54DD,
0xE322A106,
0xE3268C69,
0xE34521AE,
0xE34A6DD7,
0xE3568233,
0xE36CEE7F,
0xE37E4F04,
0xE3A0CFAC,
0xE3A61BD5,
0xE3C4B11A,
0xE3C89C7D,
0xE3CDE8A6,
0xE3F0694E,
0xE3F6F0F8,
0xE3FDDE70,
0xE3FEBC58,
0xE425AB41,
0xE4268929,
0xE42BD552,
0xE4429F37,
0xE4482BE9,
0xE44E55FA,
0xE45FB67F,
0xE47622CB,
0xE4878350,
0xE4A61895,
0xE4AA03F8,
0xE4AF5021,
0xE4C6F7EE,
0xE4CDE566,
0xE4F5B237,
0xE507F0A4,
0xE51EBA89,
0xE527F215,
0xE52FBD75,
0xE546875A,
0xE5578A46,
0xE56E542B,
0xE57F5717,
0xE58B6B73,
0xE5AF4CE1,
0xE5C616C6,
0xE5D719B2,
0xE5DD43C3,
0xE5FEE683,
0xE6002204,
0xE61124F0,
0xE626B354,
0xE627EED5,
0xE635065E,
0xE638F1C1,
0xE64FBBA6,
0xE6578706,
0xE65CD32F,
0xE660BE92,
0xE6778877,
0xE67F53D7,
0xE684A000,
0xE6A77E41,
0xE6B8812D,
0xE6B95F15,
0xE6CF4B12,
0xE6E04DFE,
0xE6E12BE6,
0xE6F717E3,
0xE7081ACF,
0xE708F8B7,
0xE7095650,
0xE71A593C,
0xE71FC29C,
0xE7312321,
0xE738EE81,
0xE742260D,
0xE758EFF2,
0xE760BB52,
0xE769F2DE,
0xE7778537,
0xE7888823,
0xE78CD11F,
0xE799E8A8,
0xE79F5208,
0xE7B054F4,
0xE7B0B28D,
0xE7C1B579,
0xE7C71ED9,
0xE7D87F5E,
0xE7D95D46,
0xE7EA6032,
0xE7EABDCB,
0xE8004C2F,
0xE8012A17,
0xE8122D03,
0xE8128A9C,
0xE83A576D,
0xE84222CD,
0xE84B5A59,
0xE858ECB2,
0xE85CD815,
0xE85E38DB,
0xE862243E,
0xE869EF9E,
0xE880B983,
0xE884A4E6,
0xE891BC6F,
0xE8921A08,
0xE8A31CF4,
0xE8A88654,
0xE8B98940,
0xE8B9E6D9,
0xE8BAC4C1,
0xE8DC6781,
0xE8E1B3AA,
0xE8E29192,
0xE8E97F0A,
0xE9043452,
0xE90A5E63,
0xE91BBEE8,
0xE93A542D,
0xE9438BB9,
0xE96220FE,
0xE989EDCF,
0xE99AF0BB,
0xE9B1BAA0,
0xE9EBC5DE,
0xE9F2B356,
0xEA1A8027,
0xEA438879,
0xEA6B554A,
0xEA89EA8F,
0xEA93221B,
0xEAEAE4B6,
0xEAEBC29E,
0xEAF10EC7,
0xEB138F6F,
0xEB18DB98,
0xEB24EFF4,
0xEB3B5C40,
0xEB48D162,
0xEB4CBCC5,
0xEB6F3D6D,
0xEB748996,
0xEB931EDB,
0xEB9C5667,
0xEBBAEBAC,
0xEBCC4C31,
0xEBCD2A19,
0xEBD27642,
0xEBF41902,
0xEBF4F6EA,
0xEBFA4313,
0xEC110CF8,
0xEC1699AA,
0xEC1BE5D3,
0xEC1CC3BB,
0xEC2E2440,
0xEC44908C,
0xEC55F111,
0xEC748656,
0xEC7871B9,
0xEC79D27F,
0xEC7DBDE2,
0xEC9C5327,
0xECC41FF8,
0xECD5807D,
0xECD65E65,
0xECEBECC9,
0xECFE2B36,
0xED25F807,
0xED37588C,
0xED49D975,
0xED5F255D,
0xED7DBAA2,
0xEDA58773,
0xEDABB184,
0xEDCD5444,
0xEDCE8FC5,
0xEDDF92B1,
0xEDF65C96,
0xEE03741F,
0xEE075F82,
0xEE1E2967,
0xEE2B40F0,
0xEE2F2C53,
0xEE45F638,
0xEE530DC1,
0xEE75EC02,
0xEE86EEEE,
0xEE9DB8D3,
0xEEAEBBBF,
0xEED68890,
0xEED7C411,
0xEEE4DB9A,
0xEEFF90E2,
0xEF075C42,
0xEF0CA86B,
0xEF1093CE,
0xEF275DB3,
0xEF2F2913,
0xEF34753C,
0xEF38609F,
0xEF45F2F8,
0xEF4B3F21,
0xEF56F5E4,
0xEF685669,
0xEF6DBFC9,
0xEF7F204E,
0xEF90233A,
0xEFA6ED1F,
0xEFA7CB07,
0xEFAEB87F,
0xEFCEB9F0,
0xEFCF97D8,
0xEFE09AC4,
0xEFE0F85D,
0xF004D9CB,
0xF008C52E,
0xF00FB2A6,
0xF010908E,
0xF0275A73,
0xF02CA69C,
0xF03091FF,
0xF0385D5F,
0xF04F2744,
0xF0602A30,
0xF06087C9,
0xF0718AB5,
0xF076F415,
0xF087F701,
0xF088549A,
0xF08E7EAB,
0xF0B0216B,
0xF0B0FF53,
0xF0B7ECCB,
0xF0D7EE3C,
0xF0D8CC24,
0xF0DFB99C,
0xF108C1EE,
0xF111F97A,
0xF119C4DA,
0xF1308EBF,
0xF135DAE8,
0xF14191AB,
0xF1585B90,
0xF1695E7C,
0xF169BC15,
0xF1802861,
0xF19188E6,
0xF1B01E2B,
0xF1C12117,
0xF1E8EDE8,
0xF211F63A,
0xF239C30B,
0xF2618FDC,
0xF2A28892,
0xF2B95277,
0xF2BA305F,
0xF2BF7C88,
0xF2CA5563,
0xF2E11F48,
0xF2E74959,
0xF2F35DB5,
0xF3173F23,
0xF31B2A86,
0xF33F0BF4,
0xF342F757,
0xF3618C9C,
0xF36AC428,
0xF389596D,
0xF39AB9F2,
0xF39B97DA,
0xF3A0E403,
0xF3C286C3,
0xF3C364AB,
0xF3C8B0D4,
0xF3EA5394,
0xF3EB317C,
0xF3FC9201,
0xF412FE4D,
0xF420736F,
0xF4245ED2,
0xF442F417,
0xF446DF7A,
0xF4484040,
0xF44C2BA3,
0xF46AC0E8,
0xF4700D11,
0xF4928DB9,
0xF4A3EE3E,
0xF4A4CC26,
0xF4AA184F,
0xF4BA5A8A,
0xF4C0E234,
0xF4CC98F7,
0xF4D1E520,
0xF4F465C8,
0xF505C64D,
0xF5184736,
0xF52D931E,
0xF54C2863,
0xF573F534,
0xF579415D,
0xF57A1F45,
0xF59BC205,
0xF59CFD86,
0xF5D1E1E0,
0xF5D5CD43,
0xF5F9AEB1,
0xF5FD9A14,
0xF6217B82,
0xF62D8FDE,
0xF6555CAF,
0xF65B86C0,
0xF67D2980,
0xF6A4F651,
0xF6A631D2,
0xF6B3495B,
0xF6CDFEA3,
0xF6D4EC1B,
0xF6D5CA03,
0xF6DB162C,
0xF6F5CB74,
0xF6FD96D4,
0xF702E2FD,
0xF706CE60,
0xF719ACE2,
0xF736C42A,
0xF74D8E0F,
0xF75E90FB,
0xF7755AE0,
0xF77638C8,
0xF77D2640,
0xF7BC7DA7,
0xF7D3478C,
0xF7D732EF,
0xF7DE2067,
0xF7DEFE4F,
0xF7E44A78,
0xF7F5C834,
0xF7FB145D,
0xF7FEFFC0,
0xF806CB20,
0xF80C1749,
0xF81D9505,
0xF82E97F1,
0xF82EF58A,
0xF83C0D13,
0xF83FF876,
0xF84561D6,
0xF85664C2,
0xF856C25B,
0xF85CEC6C,
0xF863D9E4,
0xF87E8F2C,
0xF87F6D14,
0xF8865A8C,
0xF8A65BFD,
0xF8A739E5,
0xF8AE275D,
0xF8D5F42E,
0xF8D651C7,
0xF8D72FAF,
0xF8DC7BD8,
0xF8E8329B,
0xF8FEFC80,
0xF90448A9,
0xF90FFF6C,
0xF9215FF1,
0xF926C951,
0xF937CC3D,
0xF93829D6,
0xF94E9622,
0xF95FF6A7,
0xF96620B8,
0xF97E8BEC,
0xF98F8ED8,
0xF994DB01,
0xF9B75BA9,
0xF9C99A16,
0xF9E063FB,
0xF9F166E7,
0xFA0830CC,
0xFA1933B8,
0xFA2FFD9D,
0xFA70F653,
0xFA87C038,
0xFA8DEA49,
0xFA98C324,
0xFAAF8D09,
0xFAC1CB76,
0xFAD759DA,
0xFAE99847,
0xFB0D79B5,
0xFB116518,
0xFB2FFA5D,
0xFB354686,
0xFB3931E9,
0xFB6927B3,
0xFB6A059B,
0xFB6F51C4,
0xFB90F484,
0xFB91D26C,
0xFB971E95,
0xFBB8C155,
0xFBB99F3D,
0xFBCAFFC2,
0xFBEEE130,
0xFBF2CC93,
0xFC1161D8,
0xFC16AE01,
0xFC1A9964,
0xFC392EA9,
0xFC3E7AD2,
0xFC50B93F,
0xFC60FB7A,
0xFC725BFF,
0xFC7339E7,
0xFC788610,
0xFC88C84B,
0xFC8F4FF5,
0xFC9B06B8,
0xFCA052E1,
0xFCC2D389,
0xFCE6B4F7,
0xFCF8157C,
0xFCFC00DF,
0xFD1A9624,
0xFD1FE24D,
0xFD4262F5,
0xFD47AF1E,
0xFD488D06,
0xFD6A2FC6,
0xFD81BA5C,
0xFD988441,
0xFDC81C72,
0xFDCC07D5,
0xFDEFE943,
0xFDFBFD9F,
0xFE23CA70,
0xFE29F481,
0xFE4B9741,
0xFE736412,
0xFE749F93,
0xFE81B71C,
0xFE9C6C64,
0xFEA359DC,
0xFEA983ED,
0xFED150BE,
0xFEE81AA3,
0xFF0531EB,
0xFF291359,
0xFF2CFEBC,
0xFF4B9401,
0xFF54CB8D,
0xFF631E97,
0xFF8AEB68,
0xFFA1B54D,
0xFFAC8E28,
0xFFAD6C10,
0xFFB2B839,
0xFFC435F5,
0xFFC9821E,
0xFFCD6D81,
0xFFD538E1,
0xFFDA850A,
0xFFEC02C6,
0xFFFD634B,
