0x00315764,
0x006E701D,
0x007F600A,
0x00E04621,
0x011236B6,
0x0116AA42,
0x0166A17D,
0x017B59D6,
0x01873101,
0x01C70815,
0x01EED4E6,
0x01F08430,
0x01F145CD,
0x020CEA7E,
0x0219129E,
0x022393FB,
0x022CE318,
0x0254AFE9,
0x026F423A,
0x02AC5AF3,
0x02C2C73F,
0x02C34F68,
0x02D30AE1,
0x02DD4F0D,
0x02F51EAE,
0x032A6FE3,
0x032CC847,
0x03361764,
0x0349AFB7,
0x034CE149,
0x0350A9B5,
0x03606C43,
0x03A42EBA,
0x03A8A246,
0x03AD7DD7,
0x03C81028,
0x03DC3F2D,
0x03EC0FE4,
0x03FCCF3D,
0x04249C0E,
0x0435FC93,
0x04433713,
0x044FBA3D,
0x045DC964,
0x0469A08F,
0x046B03E4,
0x04957C3E,
0x04ADEB2F,
0x04B6B223,
0x052DD05A,
0x058DAD9E,
0x05BFBE9B,
0x05CE39A0,
0x06AF50DB,
0x06BA56A4,
0x0716E28A,
0x07388523,
0x0751B108,
0x07729088,
0x07797DD9,
0x07995776,
0x07A14AAA,
0x07B88527,
0x07C9177B,
0x07CA52FC,
0x07FCF8A8,
0x07FFC525,
0x083CDDDE,
0x08AA7EF6,
0x08AEB3E2,
0x08DCB914,
0x08E51803,
0x0908F971,
0x09350F3E,
0x099575D6,
0x09AC4ED6,
0x09BD42A7,
0x09F201BC,
0x0A15E32A,
0x0A3A5827,
0x0A8D499D,
0x0AABBCCE,
0x0AC676F3,
0x0B048525,
0x0B1F1776,
0x0B729C7B,
0x0B8137E8,
0x0BB4F11A,
0x0BCB3CFE,
0x0C046A54,
0x0C1E27FE,
0x0C5403F6,
0x0C77E564,
0x0CFC3E1B,
0x0D249315,
0x0D436E3B,
0x0D5C1B5F,
0x0D858D3C,
0x0DB38061,
0x0DDB4D32,
0x0DFA43CD,
0x0E7BBBF7,
0x0EB75942,
0x0F201EC9,
0x0F86F2E8,
0x0F874328,
0x0F98C0BD,
0x10102730,
0x1011F4D1,
0x10295315,
0x102D3E78,
0x1078C4E3,
0x107D21A3,
0x10964D88,
0x10AB26D5,
0x10D76732,
0x11822103,
0x11F9BD3B,
0x12440A8D,
0x125BB75E,
0x127A2A8F,
0x1294E4B4,
0x12A1F760,
0x12B1000D,
0x12C5B866,
0x12ED8537,
0x1311FA34,
0x132ABE58,
0x13557BBD,
0x13618FF2,
0x13764C2F,
0x13835EDB,
0x13A28C8C,
0x13CEECB2,
0x13E558FE,
0x13EC95BF,
0x13F91B4F,
0x142271B7,
0x144DAC31,
0x147B32A2,
0x14A2FF73,
0x14B1E72C,
0x14BC2B58,
0x14CDFD3A,
0x14EE8D4A,
0x14F300D6,
0x1553FAFD,
0x156BA2CA,
0x1581EE22,
0x15C9CA8D,
0x15FC3522,
0x168B226E,
0x172B9133,
0x178EFB4F,
0x17E06292,
0x17F7C0D6,
0x184732A4,
0x186F2749,
0x18E996DE,
0x1900F522,
0x195066F0,
0x19508EC4,
0x19C82AFC,
0x19EFF7CD,
0x19FF50BA,
0x1A3DF68B,
0x1A7F6DCE,
0x1A942627,
0x1AF92C19,
0x1B0086D1,
0x1B13EB89,
0x1B1F5E06,
0x1B44B9F0,
0x1B48BCE4,
0x1B51CC9C,
0x1B70FA4D,
0x1B82C822,
0x1B88A21A,
0x1BE25EF4,
0x1BE99C41,
0x1C0DCDEF,
0x1C49A063,
0x1C4DEE3C,
0x1C6D6169,
0x1C8054ED,
0x1C8A9919,
0x1C952E3A,
0x1CBCFB0B,
0x1CC16E97,
0x1CF0DC38,
0x1D136011,
0x1D2268BE,
0x1D35E0B9,
0x1D52D4AF,
0x1D6C0094,
0x1DAD6AA7,
0x1DC62F57,
0x1E59902F,
0x1E8BFEC5,
0x1EAC0A5E,
0x1EC6BFA6,
0x1F14C5BD,
0x1FAED053,
0x1FB24F02,
0x1FD245E3,
0x1FD69D24,
0x200535E5,
0x203D6D36,
0x20669D5C,
0x2067A0B0,
0x209037CE,
0x20B8049F,
0x21149085,
0x211EFC85,
0x2146C956,
0x214EF24F,
0x21587364,
0x215D6B67,
0x21963B24,
0x219698BD,
0x21AFD866,
0x21BE658E,
0x22348EB6,
0x226293E8,
0x22669FB3,
0x228BF3B8,
0x228E6C84,
0x22C38E0F,
0x22C799DA,
0x22D30764,
0x22EDCBC7,
0x235135E3,
0x23570FDB,
0x236BC834,
0x23B80A02,
0x23CCC25B,
0x23DFD2EF,
0x23F48F2C,
0x240DC9F8,
0x24180E24,
0x241C5BFD,
0x241D39E5,
0x243161DD,
0x243BCF2A,
0x245A6A2F,
0x24604427,
0x2479084B,
0x2480D3AB,
0x24923430,
0x24C23DBE,
0x24F0D67F,
0x2516FE44,
0x253A6E55,
0x253A9629,
0x2540CDBA,
0x25450376,
0x2551383A,
0x257BD868,
0x25C492E2,
0x25DB04EE,
0x265D3FE3,
0x26E3337E,
0x26EE50C8,
0x27968AED,
0x279C708F,
0x27D3A3A6,
0x27EC67CA,
0x280BDAF7,
0x2833A7C8,
0x285B7499,
0x285EA58F,
0x28A88654,
0x28BC6EC0,
0x28CAC1CA,
0x28DCD7F2,
0x28E2FE46,
0x29167298,
0x297E4627,
0x2A350D74,
0x2A85E774,
0x2A96079B,
0x2B3A35F5,
0x2B8677C3,
0x2B931EB4,
0x2B9B301C,
0x2BB035FC,
0x2BE3250A,
0x2C28D7F0,
0x2C2EB1E8,
0x2C39467D,
0x2C60A1F1,
0x2C61134E,
0x2C674BAF,
0x2CB87850,
0x2CB96A48,
0x2CBB58DD,
0x2CC41FD1,
0x2CE13719,
0x2D0903EA,
0x2D137137,
0x2D222918,
0x2D30A8E7,
0x2D37588C,
0x2D5875B8,
0x2D7212FA,
0x2D91A30E,
0x2D98DC77,
0x2DA972AF,
0x2DEA6B65,
0x2E2BADA4,
0x2E2E0608,
0x2EB1A13F,
0x2EBCBE89,
0x2ECDC175,
0x2F86EB87,
0x2F9AD41A,
0x2FBAD58B,
0x2FC5F2D5,
0x2FDE9691,
0x30021589,
0x306ADB10,
0x306E2CFA,
0x30AC4523,
0x30CBD537,
0x30DADDE4,
0x313316A6,
0x3136479C,
0x314DA5E0,
0x319F9ACB,
0x31C120F0,
0x31FB2C55,
0x32CD3AE3,
0x332D18B3,
0x33347C52,
0x334E1994,
0x3354E584,
0x338D7F4B,
0x33E18C79,
0x3411D802,
0x342F810F,
0x3442F3F0,
0x3448ACF4,
0x345A2E6D,
0x346AC0C1,
0x3487D809,
0x3489C69E,
0x3498B7CA,
0x34A67625,
0x34C8AD94,
0x34D8AD2C,
0x34DE8724,
0x34E1DEF8,
0x34E91BB9,
0x34FC8E9A,
0x351720EB,
0x354EB04A,
0x356F197C,
0x3573F50D,
0x35800969,
0x35B8D926,
0x35FA1B65,
0x35FC73C9,
0x3612022D,
0x3642D5DF,
0x36607EEC,
0x36746265,
0x36CC7ABF,
0x37707F28,
0x3789434C,
0x37946096,
0x37AD0452,
0x37D356A7,
0x37FB2378,
0x3818B94D,
0x383948D1,
0x385E8D94,
0x3879B374,
0x38907000,
0x389A42F8,
0x38A4D819,
0x38A94BA5,
0x38AE93EA,
0x38DCE88C,
0x391C13A1,
0x3967C1E0,
0x396A49EE,
0x39B75B82,
0x39DA087C,
0x3A163396,
0x3A2547ED,
0x3A4D14BE,
0x3AC067FA,
0x3ACF70A7,
0x3AFB8674,
0x3B1F67E2,
0x3B5BED0C,
0x3B76CCE4,
0x3B7D101F,
0x3B80F59B,
0x3B937C6B,
0x3BAFFA3A,
0x3BFDEED0,
0x3C04BAC0,
0x3C171AB5,
0x3C289C2E,
0x3C2BF402,
0x3C7339E7,
0x3C74E3E6,
0x3C8CEE29,
0x3C9B0691,
0x3CA1F409,
0x3CB7897A,
0x3CB92E86,
0x3CE58EAC,
0x3D080F54,
0x3D1D1E0B,
0x3D36BB4D,
0x3D3D873D,
0x3D6168AB,
0x3D8746E7,
0x3DAB2855,
0x3DAF5D41,
0x3E46BB89,
0x3E9AE880,
0x3EDDF2C2,
0x3F87493E,
0x3F9651EB,
0x3F9F5381,
0x3FE7270E,
0x40052E84,
0x402CFB55,
0x40482135,
0x407345DA,
0x40AB564D,
0x40E695FF,
0x40EA8162,
0x40FC9117,
0x40FFE7F2,
0x412984CC,
0x4138B7AF,
0x417C7A26,
0x4185C943,
0x41F3B5AE,
0x421B827F,
0x426FE75F,
0x42EDD5A3,
0x43CC5C91,
0x43F709EF,
0x43FA61C3,
0x440BC248,
0x444351A7,
0x44879C47,
0x449F4414,
0x44AF6534,
0x44B3FC6D,
0x4505290E,
0x450BF4FE,
0x4529FC74,
0x452B62E0,
0x4546F091,
0x456903C2,
0x45799616,
0x4596F6E7,
0x45E8E8ED,
0x4615294A,
0x465F327D,
0x4670264E,
0x46A01C18,
0x47061D5D,
0x473493EC,
0x47449384,
0x478BD6DA,
0x47958E13,
0x47B594CF,
0x47CA4D28,
0x485199A4,
0x48659509,
0x486A0895,
0x4876F58E,
0x4884083A,
0x48B503C0,
0x492CD6E7,
0x494AE7E7,
0x49557285,
0x4982F85A,
0x499964A6,
0x49C3341C,
0x4B2DCFDF,
0x4B3ED2CB,
0x4B8EA232,
0x4C6DB1D5,
0x4C826A2E,
0x4CBFA34F,
0x4CD396CF,
0x4CF86A35,
0x4D377183,
0x4D4803D7,
0x4D493F58,
0x4D4F1950,
0x4DB01377,
0x4DE3970B,
0x4E186866,
0x4E40A5CF,
0x4E46CC23,
0x4E513823,
0x4F258815,
0x4F2F420A,
0x4FAA3BD6,
0x4FD79532,
0x4FF5C9AD,
0x503402CA,
0x5045634F,
0x505275FB,
0x50D169FB,
0x50F188D7,
0x51156A45,
0x5133DD76,
0x514A49C2,
0x514E979B,
0x5167D267,
0x5180FE4C,
0x519D145A,
0x51C089EA,
0x51D2F052,
0x52FC3DA0,
0x530D408C,
0x534BAF6E,
0x535D0FF3,
0x53B49CC9,
0x53C37DA2,
0x53C5D57A,
0x53C66322,
0x53C76905,
0x542D16E9,
0x544D35C5,
0x548E1110,
0x54A20490,
0x54C6D7F6,
0x55043A38,
0x551D8711,
0x553B76F6,
0x553E1695,
0x555E1806,
0x55953DC4,
0x55B8ADFE,
0x561539E4,
0x561FA5E4,
0x56B081C5,
0x56B2DA29,
0x56DD757A,
0x56F3F5D6,
0x57010D5F,
0x5778A997,
0x57B6C24C,
0x57C4376E,
0x57C822D1,
0x58169F90,
0x5840116D,
0x5857B93A,
0x58B1E771,
0x5918B783,
0x591D055C,
0x591FD3DC,
0x59364028,
0x594F6C0D,
0x5992DD8F,
0x59A15E13,
0x59BDFC4A,
0x59FA1EFE,
0x59FE6CD7,
0x5A17A7A3,
0x5A21EBCF,
0x5A2639A8,
0x5A417719,
0x5A7B11BF,
0x5AC3DEAC,
0x5ACAAB61,
0x5AD55C41,
0x5B94433B,
0x5BC711E1,
0x5BFB84AA,
0x5C5C7ED1,
0x5C9D7787,
0x5CA42145,
0x5CC54458,
0x5CD2A7F9,
0x5D00AD2B,
0x5D0C8456,
0x5D12D662,
0x5D2C85C7,
0x5D345127,
0x5D42CC2C,
0x5D5DEE01,
0x5D871BBF,
0x5D9E7A03,
0x5DE3A7A5,
0x5DF44B36,
0x5E0162BF,
0x5E15B8A2,
0x5E40B669,
0x5E62CA36,
0x5E7EEF86,
0x5E7FE17E,
0x5EECDBF1,
0x5F605701,
0x5F6E8690,
0x5F8823D2,
0x5F92A52F,
0x5FB0E29B,
0x5FC21FF5,
0x600A0BA2,
0x60145542,
0x602626FB,
0x603ADF54,
0x6066B7F0,
0x60781875,
0x609BD97B,
0x60EB731D,
0x60EE419D,
0x6117B37A,
0x61614B50,
0x6161BCAD,
0x61752F8E,
0x61814CC1,
0x61891821,
0x618C6A0B,
0x61E61564,
0x62133CAE,
0x62315246,
0x62497F80,
0x62569709,
0x62591F17,
0x626A7F9C,
0x62924C6D,
0x629A892A,
0x62C921EB,
0x63625363,
0x640AEB21,
0x646BE548,
0x6483B4E9,
0x6493B219,
0x649BEED6,
0x64BB7EEA,
0x6505832A,
0x656ED659,
0x659CE665,
0x65CFD080,
0x65D9E237,
0x65E42663,
0x660F242A,
0x663137F7,
0x664D5D47,
0x664E4F3F,
0x6699FD7E,
0x66A0442A,
0x66A42072,
0x66BB49B2,
0x67311D26,
0x673CF451,
0x67569193,
0x677F505C,
0x678CEB8C,
0x68094D15,
0x68468636,
0x684E5196,
0x686A473C,
0x6880B388,
0x68C71B5E,
0x68E1ADAF,
0x69168D2C,
0x69439D4F,
0x694BAEB7,
0x695785E2,
0x695AD7CC,
0x69BF29C7,
0x69FFC007,
0x6A2504CA,
0x6A278CD8,
0x6A38ED5D,
0x6A412A1A,
0x6A4F59A9,
0x6A60BA2E,
0x6A669042,
0x6A68F6EB,
0x6A7CAFD4,
0x6A978FAC,
0x6B08F453,
0x6B0BB895,
0x6B30C124,
0x6B4A5E66,
0x6B69EE7A,
0x6B70BB2F,
0x6B78F727,
0x6B7D3A3C,
0x6C028908,
0x6C5222AA,
0x6C89ECAB,
0x6D3D441A,
0x6DDD91EB,
0x6DE8DBD3,
0x6E1CBD00,
0x6E1EAB95,
0x6E6327ED,
0x6E686B3F,
0x6E7FA5BC,
0x6F0B6212,
0x6F24FF54,
0x6F4DBE1D,
0x6F5B594D,
0x6FFF87A7,
0x7004D3D0,
0x708F3713,
0x7092983F,
0x7095891F,
0x70FE26D2,
0x70FE982F,
0x7105641F,
0x712C9D61,
0x713F90E5,
0x715F20F9,
0x7165CAB7,
0x71C2569D,
0x71CE2DC8,
0x720E986B,
0x722F27EF,
0x7256F4C0,
0x725D9E7E,
0x7262120A,
0x72B0F898,
0x72D4DA06,
0x72FF2EE5,
0x7318CC27,
0x7342F15C,
0x734764E8,
0x735A436A,
0x736B4656,
0x7376F2F1,
0x73D0F6C9,
0x73D266D1,
0x73F8C39A,
0x740B2773,
0x7420906B,
0x74B44CD9,
0x7501F7E6,
0x750BB1DB,
0x751A31D3,
0x75ABFFAC,
0x75F104B9,
0x762A2E2B,
0x7636D900,
0x7664D009,
0x76B533F8,
0x77EE7F02,
0x7863F6E0,
0x78D3D1E0,
0x78FB0B22,
0x791D918A,
0x79343878,
0x796BC7D7,
0x7990C45E,
0x79D63A3C,
0x7A043F6E,
0x7A17A426,
0x7A2C0C3F,
0x7A307FCB,
0x7A3D6CC4,
0x7A4799F0,
0x7A4D2F52,
0x7A653995,
0x7A99F8AA,
0x7AA347C7,
0x7B115F1D,
0x7B35408B,
0x7B39B417,
0x7B9F648A,
0x7BEB12C9,
0x7C1A9369,
0x7C4E94FE,
0x7CB63E2E,
0x7CD065A7,
0x7D173855,
0x7D1C13E6,
0x7D5F94AA,
0x7DF89FD0,
0x7E1D7269,
0x7E45670E,
0x7E9A0E05,
0x7EA63961,
0x7EAE761E,
0x7F14B29E,
0x7F6887E3,
0x7FBCECC3,
0x7FF971ED,
0x80A23FA1,
0x80B1F40D,
0x80C6210F,
0x80C81B4E,
0x80C978E3,
0x80EBFF4B,
0x8102A639,
0x8113CC1C,
0x81523FDB,
0x815F321F,
0x81AECBC1,
0x81BC40E3,
0x81D2AD2F,
0x81D69892,
0x81DB0C1E,
0x81FA7A00,
0x81FEED8C,
0x821B9D13,
0x8233A756,
0x8268666B,
0x82B5A7A9,
0x8303AE4C,
0x83B9808A,
0x83E14D5B,
0x8471DFB3,
0x847AEF6B,
0x84896A70,
0x84933A10,
0x84C2B4D6,
0x84EA81A7,
0x850798EF,
0x8510CABB,
0x8583CAA0,
0x85C70D91,
0x867ED44E,
0x86E31306,
0x86F4234B,
0x88948ED0,
0x88C70C81,
0x88E239DD,
0x89013FBA,
0x892D9FE0,
0x894B48ED,
0x8966ED9E,
0x897315BE,
0x898AAEA4,
0x89A979DF,
0x89C3A158,
0x89C8E7C1,
0x8A04E397,
0x8A2E5190,
0x8C1F178F,
0x8C4188F5,
0x8C5F5351,
0x8C912297,
0x8C92929F,
0x8CC37FE0,
0x8CDF387C,
0x8D5ABA71,
0x8DD2007C,
0x8E3627EA,
0x8E36E987,
0x8EEAAE1D,
0x8F22F2C7,
0x8F2CB91B,
0x8F401DD3,
0x8FDC2FD8,
0x90222706,
0x902C2713,
0x905D2299,
0x90B35327,
0x90C7BB40,
0x910FF537,
0x91355B5F,
0x9141837F,
0x914E9B08,
0x916F88B1,
0x9177E7A0,
0x91975582,
0x919BC90E,
0x91D35158,
0x92056255,
0x9222EAFA,
0x922D2F26,
0x92665C7C,
0x9278BCFD,
0x92CC3C83,
0x92DC85A4,
0x92DE2AB0,
0x930C1DD5,
0x940180B5,
0x940FF6B6,
0x941F964D,
0x9447C0B7,
0x945E0C9B,
0x94610060,
0x947260E5,
0x94BF06C2,
0x94C2C954,
0x95117D0D,
0x95192B02,
0x95292832,
0x9568C4A4,
0x958F0DB8,
0x95A06E3D,
0x95D16257,
0x95EEEAFC,
0x95F956FC,
0x96185CD9,
0x963004A6,
0x96325C7E,
0x9662660C,
0x968A32DD,
0x96BA6CC6,
0x96D05277,
0x96F9C070,
0x970E8B94,
0x97726648,
0x97AA2CF1,
0x97FA94D4,
0x982B905A,
0x98316A52,
0x986A97A8,
0x9903C920,
0x990B9480,
0x99338925,
0x995362C2,
0x996C8EA7,
0x99C98BEA,
0x99CC2221,
0x99D3D016,
0x9A14F0A0,
0x9A75C2F3,
0x9A9D8FC4,
0x9AAAF365,
0x9AAC948D,
0x9AD8F897,
0x9B142A20,
0x9B8802C9,
0x9BEE040E,
0x9C6D55A7,
0x9C76CB06,
0x9C7F655C,
0x9CE65D42,
0x9CE798C3,
0x9CF53E1B,
0x9CF795F3,
0x9D0E023F,
0x9D2B990D,
0x9D524CDF,
0x9D5D7B79,
0x9D6EDBFE,
0x9D85D073,
0x9DBD58BD,
0x9DCCE912,
0x9DE2570E,
0x9DE6CA9A,
0x9DFE7267,
0x9E1A09E8,
0x9E30D3CD,
0x9E4066B1,
0x9E58A09E,
0x9E9EC038,
0x9EC3BE89,
0x9F3A0819,
0x9F59982D,
0x9F9693FF,
0xA073322F,
0xA07DE39B,
0xA0DA0241,
0xA0DB6596,
0xA0E13F8E,
0xA0EC6882,
0xA113A0F4,
0xA121D083,
0xA13AFC68,
0xA197F9AB,
0xA2230DA1,
0xA22B04CF,
0xA24430B4,
0xA26BFD85,
0xA2A76658,
0xA306081B,
0xA34D6500,
0xA363D14C,
0xA36DEB42,
0xA3B22DA3,
0xA3CE43B1,
0xA4269AAB,
0xA4DC7000,
0xA520BAA0,
0xA52F3A98,
0xA5410C51,
0xA54FCAA8,
0xA5543E34,
0xA55DD359,
0xA5638CF9,
0xA5B0C4CF,
0xA5B5385B,
0xA5CCE028,
0xA5E19881,
0xA5E5A44C,
0xA60D711D,
0xA61AC5D7,
0xA629EEEC,
0xA6469E73,
0xA69F66CA,
0xA6B9F91B,
0xA708047D,
0xA70875DA,
0xA7579E1F,
0xA76501C0,
0xA7B1A1F7,
0xA7C86BDC,
0xA86E360C,
0xA8767605,
0xA8D03CD3,
0xA91D4E67,
0xA949069B,
0xA9A76022,
0xA9C37630,
0xAA129E75,
0xAA290AC1,
0xAA2A6E16,
0xAA3A6B46,
0xAA6F9BB8,
0xAA776718,
0xAA93339D,
0xAAEDC2B5,
0xAB158F86,
0xAB323F0D,
0xAB33A262,
0xAB809B64,
0xAB9CB172,
0xABF5086C,
0xAC13A688,
0xAC6202DF,
0xACB00982,
0xACB9589F,
0xACEF2861,
0xAD0BD7E8,
0xAD38E80B,
0xAD7DA8F9,
0xAD8C453C,
0xADB4120D,
0xADF85CAD,
0xAE6DD48B,
0xAE8866DC,
0xAEC00A9B,
0xAEF267E4,
0xAF1A34B5,
0xAF260BE0,
0xAF31292A,
0xAF336F81,
0xAF35148D,
0xAF85E9B0,
0xAFA67934,
0xAFD10A47,
0xB007735B,
0xB0167C08,
0xB02F402C,
0xB0667343,
0xB0A00DE9,
0xB14F3E5D,
0xB1A94235,
0xB1D10F06,
0xB1F4F074,
0xB1F8DBD7,
0xB21115C4,
0xB21CBD45,
0xB25B4F52,
0xB28C9845,
0xB2A1509E,
0xB2BC3076,
0xB2DA4352,
0xB34F0925,
0xB37542F7,
0xB386A37C,
0xB3A18354,
0xB3C28435,
0xB3C95025,
0xB3EC2E3F,
0xB477340C,
0xB49D0C88,
0xB4A3EBB0,
0xB4CC161A,
0xB4FA1B4C,
0xB5430B30,
0xB59D0F08,
0xB6034F98,
0xB63856E9,
0xB63C424C,
0xB656D49D,
0xB6575CC6,
0xB6B0F8DD,
0xB6BE7D41,
0xB6D741F1,
0xB6F479A1,
0xB6F5DCF6,
0xB6FF0EC2,
0xB6FF96EB,
0xB703824E,
0xB71DA9C7,
0xB7545771,
0xB7F0699F,
0xB7FDADED,
0xB808CB37,
0xB859A05A,
0xB8F5DF4D,
0xB92088C7,
0xB977AFF6,
0xB99F7CC7,
0xB9C35E35,
0xB9E64F75,
0xBA41B92D,
0xBA53F08D,
0xBAA8B113,
0xBB398CF4,
0xBB90F1F6,
0xBBE0E931,
0xBC204EE8,
0xBC342054,
0xBC7197D4,
0xBC725971,
0xBC8FEF46,
0xBCC8890D,
0xBCECFE0A,
0xBD255D2F,
0xBD6B7CC9,
0xBD860F1A,
0xBDD1BD59,
0xBDFBEBF6,
0xBE06C4AA,
0xBE2156FB,
0xBE25CA87,
0xBE4BF24C,
0xBE561610,
0xBE8CEB02,
0xBE8F4366,
0xBE8FD082,
0xBEA1C44F,
0xBEA5AFB2,
0xBEAA233E,
0xBEB324D4,
0xBEB71037,
0xBEC44AB7,
0xBECD7C83,
0xBEDAF1A5,
0xBEEAB433,
0xBF02BE76,
0xBF0FF8F6,
0xBF168FE2,
0xBF2A8B47,
0xBF2EFED3,
0xBF377D8B,
0xBF84BEC9,
0xBF87172D,
0xBFAEE3FE,
0xBFBB18C2,
0xBFCC1BAE,
0xBFD738F8,
0xC040D23F,
0xC08DF315,
0xC1069509,
0xC191CBF6,
0xC1AEE33E,
0xC24A2B1F,
0xC2771ED4,
0xC29B0042,
0xC2C963FF,
0xC2DFE45B,
0xC307FAB5,
0xC31F939B,
0xC3624044,
0xC39F58FD,
0xC3B2377F,
0xC440C732,
0xC4659A98,
0xC496F6CE,
0xC4BB6BCB,
0xC4BEC39F,
0xC4F57709,
0xC539EA8A,
0xC53FC482,
0xC54A5917,
0xC5785E49,
0xC59CD346,
0xC5ADD632,
0xC5C14E2D,
0xC5D5326B,
0xC6020329,
0xC6109E96,
0xC62483D1,
0xC62BC092,
0xC63DF7F2,
0xC64707AA,
0xC65DB127,
0xC6741D73,
0xC6857DF8,
0xC692B878,
0xC6F8F908,
0xC6FD6C94,
0xC7176C39,
0xC7239459,
0xC72DB81D,
0xC7532C8A,
0xC75584EE,
0xC766E573,
0xC780BF68,
0xC78EB244,
0xC85C60D6,
0xC85EB93A,
0xC8D502CA,
0xC8EE2EAF,
0xC9386CE6,
0xC93E25EA,
0xC96039B7,
0xC97D50FF,
0xCA0856CC,
0xCA1898E0,
0xCA19D461,
0xCA696E03,
0xCAAE521C,
0xCAF9D887,
0xCB0CCC97,
0xCB30AE05,
0xCB72A24F,
0xCB7EB6AB,
0xCC0F34F3,
0xCC340859,
0xCC5DA84A,
0xCC730FA7,
0xCC89D98C,
0xCCD5D80B,
0xCCEFDAD1,
0xCCFB3E33,
0xCD25DE61,
0xCD46CC0A,
0xCDA3A02C,
0xCDF2F192,
0xCDFA2E53,
0xCE04727F,
0xCE0C65B3,
0xCE283385,
0xCE2C1EE8,
0xCE612639,
0xCEC766C9,
0xCECA3549,
0xCEF2021A,
0xCEFC25DE,
0xCF23F2AF,
0xCF47D41D,
0xCF50330C,
0xCF5D2005,
0xCF74147A,
0xCFC4E99D,
0xD014D37F,
0xD02ACE97,
0xD02D26FB,
0xD04ADE31,
0xD060108A,
0xD0E46941,
0xD10C93AB,
0xD130310F,
0xD1ACA4D7,
0xD1E84222,
0xD237DBC4,
0xD27CBFDD,
0xD2C84648,
0xD2FF1BC6,
0xD3411010,
0xD3A9ADC3,
0xD3D1A268,
0xD407722A,
0xD40AA7EA,
0xD42171CF,
0xD4C9ABF4,
0xD554F1FC,
0xD5D2E040,
0xD5DAD374,
0xD5E1E8ED,
0xD5F6A146,
0xD60D0D92,
0xD62C192F,
0xD642E314,
0xD6804626,
0xD695D48A,
0xD6AF2366,
0xD6C06FDB,
0xD6CA939F,
0xD6DC148C,
0xD6EE750D,
0xD72BAE2E,
0xD73E0EAF,
0xD742823B,
0xD793575E,
0xD7A1D756,
0xD7A80FB7,
0xD7B6F45D,
0xD7D16F87,
0xD7ED1438,
0xD7F7A959,
0xD815CC4A,
0xD81F762A,
0xD823E9B6,
0xD82E7E4B,
0xD833387B,
0xD873E0F1,
0xD8807051,
0xD884E3DD,
0xD885C1C5,
0xD8B2D702,
0xD8BFFBE4,
0xD8E54598,
0xD9B6AFE3,
0xD9C6AD13,
0xDA3362A6,
0xDACD8987,
0xDACFE15F,
0xDB0DFA14,
0xDB0F7DD1,
0xDB4747D2,
0xDB6DD758,
0xDBA01029,
0xDBBF1606,
0xDBCE0732,
0xDBF0E54C,
0xDC395922,
0xDCBFE686,
0xDCE7B357,
0xDD0D075C,
0xDD20E0AD,
0xDD47129A,
0xDD59A793,
0xDD9709D5,
0xDDA14E01,
0xDDAA7CB6,
0xDDB056AE,
0xDDC07BB2,
0xDDD24987,
0xDE1150D5,
0xDE396DE6,
0xDE55511F,
0xDE6710CB,
0xDEB24DAD,
0xDEB27581,
0xDEBCE2CE,
0xDEC41F8F,
0xDEEBEC60,
0xDEFA1BEF,
0xDF0C7C70,
0xDF1347D4,
0xDF24C569,
0xDF704517,
0xDF93DCFC,
0xDF9E4A49,
0xDFA25614,
0xDFBB81F9,
0xDFBED3E3,
0xDFEDE3EB,
0xDFFCEC0C,
0xE0344BC1,
0xE045A686,
0xE04EDE12,
0xE051AC92,
0xE08144C3,
0xE0B3B359,
0xE0B686B6,
0xE0BFDB79,
0xE0C9212E,
0xE0DE5387,
0xE0FB8BC3,
0xE16CF06A,
0xE1951AD4,
0xE1F5B762,
0xE2261E89,
0xE254B74A,
0xE25ADD9E,
0xE28E51F0,
0xE29340A7,
0xE32C89A0,
0xE3361EC5,
0xE36E7DEA,
0xE36FB96B,
0xE37D5EC3,
0xE389103B,
0xE38D83C7,
0xE3BDEFB8,
0xE3F71D0E,
0xE41EE9DF,
0xE4457965,
0xE4699EF2,
0xE46EEB42,
0xE515805B,
0xE56FBBC2,
0xE578EA77,
0xE57EC46F,
0xE5A0B748,
0xE5BF5564,
0xE5DFBE96,
0xE5EC6587,
0xE619EB5C,
0xE6821EC3,
0xE687F8BB,
0xE6928D50,
0xE6BA5A21,
0xE6C889B0,
0xE6E85F53,
0xE6F599D3,
0xE712B11B,
0xE71D66A4,
0xE73EB2D8,
0xE7624ABD,
0xE76CB80A,
0xE78B530F,
0xE79BC19C,
0xE7EAE9E1,
0xE802B982,
0xE884F477,
0xE8BAF0D7,
0xE8C9F984,
0xE8D2FB1A,
0xE9638895,
0xE977DD6B,
0xE97E42BA,
0xEA029B71,
0xEA141C5E,
0xEA1F39A8,
0xEA23250B,
0xEA5B5C5C,
0xEAAAF5FE,
0xEAC773CD,
0xEAE966A6,
0xEB048C86,
0xEB251C0A,
0xEB3E272C,
0xEB4DD41C,
0xEB65F3FD,
0xEB89D56B,
0xEB8C5D79,
0xEBA5895E,
0xEBA6ECB3,
0xEBE6F371,
0xEBED57A0,
0xEC4C4A2F,
0xEC5500D0,
0xEC6F2849,
0xED0BBAED,
0xED685CFD,
0xED8B4A59,
0xEDE8591D,
0xEE3EBEAF,
0xEE44E503,
0xEE508C84,
0xEE56667C,
0xEE785955,
0xEE88C7E2,
0xEEB094B3,
0xEEB37540,
0xEEB6CD14,
0xEEC40794,
0xEEE02CE4,
0xEEE11EDC,
0xEEEBD465,
0xEF08EBAD,
0xEF30B87E,
0xEF37CDF7,
0xEF3B25CB,
0xEF42628C,
0xEF59C0D0,
0xEF6A2F5D,
0xEF99C78E,
0xEFCD3BE0,
0xEFCFC3EE,
0xEFD12743,
0xF0121FF9,
0xF03D16E0,
0xF15C9684,
0xF1EDA769,
0xF229CA1D,
0xF27C371C,
0xF2AC2CE6,
0xF2B7D467,
0xF2F389CB,
0xF3362F5F,
0xF358432C,
0xF35ACB3A,
0xF373F71F,
0xF3755A74,
0xF3BBC561,
0xF3C390C1,
0xF410A255,
0xF4236E91,
0xF42FA832,
0xF496C8AD,
0xF4A65B91,
0xF4B400E9,
0xF4CCC50D,
0xF52CA2DD,
0xF5E28D3B,
0xF602093F,
0xF6310DDE,
0xF681E301,
0xF6927555,
0xF6AF8C9D,
0xF6BA4226,
0xF6E27BAB,
0xF703D9EC,
0xF710D04D,
0xF7127559,
0xF71F8EA4,
0xF7282E91,
0xF79BA9A1,
0xF79E31AF,
0xF7E08DBA,
0xF7F237C8,
0xF81A0499,
0xF8203CFA,
0xF82C3BF9,
0xF86A8A73,
0xF87F992A,
0xF88C9DA4,
0xF8A0025C,
0xF8F42F53,
0xF911D860,
0xF9417091,
0xF9483C81,
0xF99833BC,
0xF9ACEC15,
0xF9BC152A,
0xF9F89A54,
0xF9FC85B7,
0xFA22D80C,
0xFA406DE1,
0xFA864228,
0xFAA0D479,
0xFAA721A8,
0xFAC1F78C,
0xFADDED32,
0xFB049D20,
0xFB252D30,
0xFB26B0ED,
0xFB2C69F1,
0xFB43C835,
0xFB5E5A86,
0xFB67A9A3,
0xFB91FE82,
0xFB9361D7,
0xFBD5C0F9,
0xFBDA3485,
0xFBDF1016,
0xFBFE15F3,
0xFC4CFC81,
0xFC65366E,
0xFC74C952,
0xFC7DFB1E,
0xFC826EAA,
0xFC8F5BA3,
0xFCE84462,
0xFCFA82F6,
0xFD5D0A35,
0xFD9E8178,
0xFDA4671A,
0xFE5050C2,
0xFEC9A89D,
0xFEDF3E0E,
0xFEE0E31A,
0xFEE9823A,
0xFF3078D8,
0xFF3E479D,
0xFF6A1762,
0xFF8D08A2,
0xFF980E6B,
0xFF9A0D2C,
0xFFAB1018,
0xFFFAA9BA,
